/*
Navicat MySQL Data Transfer

Source Server         : 111job
Source Server Version : 50612
Source Host           : 58.49.59.21:3306
Source Database       : 111jobcn

Target Server Type    : MYSQL
Target Server Version : 50612
File Encoding         : 65001

Date: 2014-09-30 11:25:25
*/

SET FOREIGN_KEY_CHECKS=0;

-- ----------------------------
-- Table structure for t_pq_ads
-- ----------------------------
DROP TABLE IF EXISTS `t_pq_ads`;
CREATE TABLE `t_pq_ads` (
  `id` mediumint(8) unsigned NOT NULL AUTO_INCREMENT,
  `title` varchar(255) DEFAULT '',
  `img` varchar(255) DEFAULT '',
  `describe` varchar(255) DEFAULT '',
  `url` varchar(255) DEFAULT '',
  `timefrom` int(11) unsigned DEFAULT '0',
  `timeto` int(11) unsigned DEFAULT '0',
  `status` tinyint(1) DEFAULT '1',
  `pos` tinyint(1) unsigned DEFAULT '0',
  PRIMARY KEY (`id`)
) ENGINE=InnoDB AUTO_INCREMENT=14 DEFAULT CHARSET=utf8;

-- ----------------------------
-- Records of t_pq_ads
-- ----------------------------
INSERT INTO `t_pq_ads` VALUES ('1', '广告1', 'ads/slogan1.jpg', '', '', '0', '0', '1', '1');
INSERT INTO `t_pq_ads` VALUES ('2', '广告2', 'ads/nsh300.179_1.jpg', '', '', '1389110400', '0', '1', '5');
INSERT INTO `t_pq_ads` VALUES ('3', '广告3', 'ads/sz300.179_1.jpg', '', '', '1409241600', '1409328000', '1', '5');
INSERT INTO `t_pq_ads` VALUES ('4', '广告4', 'ads/nsh300.179_.jpg', '', '', '1409241600', '1409328000', '1', '4');
INSERT INTO `t_pq_ads` VALUES ('5', '广告5', 'ads/sz300.179_.jpg', '', '', '1409241600', '1409328000', '1', '4');
INSERT INTO `t_pq_ads` VALUES ('6', '广告6', 'ads/slogan11.jpg', '', '', '1409241600', '1409328000', '1', '3');
INSERT INTO `t_pq_ads` VALUES ('7', '广告7', 'ads/300.90_.jpg', '', '', '1409241600', '1408723200', '1', '6');
INSERT INTO `t_pq_ads` VALUES ('8', '广告8', 'ads/300.90_.1_.jpg', '', '', '1409241600', '1409328000', '1', '6');
INSERT INTO `t_pq_ads` VALUES ('9', '广告9', 'ads/20140509165318.jpg', '广告9', '', '1409241600', '1412006400', '1', '6');
INSERT INTO `t_pq_ads` VALUES ('10', '武汉农村商业银行股份有限公司招聘微贷客户经理', 'ads/nsh.jpg', '武汉农村商业银行股份有限公司招聘微贷客户经理', 'http://paiqian.111job.cn/job/144208.html', '1410883200', '1412006400', '1', '2');
INSERT INTO `t_pq_ads` VALUES ('11', ' 武汉市邮政速递公司招聘趟班大车司机', 'ads/yzsd1.jpg', ' 武汉市邮政速递公司招聘趟班大车司机', 'http://paiqian.111job.cn/job/144207.html', '1410883200', '1412006400', '1', '2');
INSERT INTO `t_pq_ads` VALUES ('12', '武汉新浪乐居招聘实习活动主管', 'ads/xllj.jpg', '武汉新浪乐居招聘实习活动主管', 'http://paiqian.111job.cn/job/144205.html', '1410883200', '1412006400', '1', '2');
INSERT INTO `t_pq_ads` VALUES ('13', '神州租车租赁有限公司诚聘客服', 'ads/sz.jpg', '神州租车租赁有限公司诚聘客服', 'http://paiqian.111job.cn/job/144198.html', '1410883200', '1412006400', '1', '2');

-- ----------------------------
-- Table structure for t_pq_category
-- ----------------------------
DROP TABLE IF EXISTS `t_pq_category`;
CREATE TABLE `t_pq_category` (
  `id` int(10) unsigned NOT NULL AUTO_INCREMENT,
  `parent_id` int(10) unsigned NOT NULL DEFAULT '0' COMMENT '上级分类',
  `catalog_name` varchar(100) NOT NULL COMMENT '名称',
  `content` text COMMENT '详细介绍',
  `seo_title` varchar(100) NOT NULL DEFAULT '' COMMENT 'seo标题',
  `seo_keywords` varchar(255) NOT NULL DEFAULT '' COMMENT 'seo关键字',
  `seo_description` text COMMENT 'seo描述',
  `attach_file` varchar(100) DEFAULT '' COMMENT '附件',
  `sort_order` int(10) unsigned NOT NULL DEFAULT '0' COMMENT '排序',
  `page_size` tinyint(3) unsigned NOT NULL DEFAULT '0' COMMENT '每页显示数量',
  `redirect_url` varchar(255) NOT NULL DEFAULT '' COMMENT '跳转地址',
  `create_time` int(10) unsigned NOT NULL DEFAULT '0' COMMENT '录入时间',
  PRIMARY KEY (`id`)
) ENGINE=MyISAM AUTO_INCREMENT=9 DEFAULT CHARSET=utf8 COMMENT='全局分类';

-- ----------------------------
-- Records of t_pq_category
-- ----------------------------
INSERT INTO `t_pq_category` VALUES ('1', '0', '派遣百科', '', '', '', '', '', '1', '1', '', '1408672231');
INSERT INTO `t_pq_category` VALUES ('2', '1', '派遣常识', '', '', '', '', '', '1', '1', '', '1408672250');
INSERT INTO `t_pq_category` VALUES ('3', '1', '派遣案例', '', '', '', '', '', '2', '2', '', '1408672266');
INSERT INTO `t_pq_category` VALUES ('4', '0', '新闻动态', '', '', '', '', '', '2', '2', '', '1408672285');
INSERT INTO `t_pq_category` VALUES ('5', '1', '派遣法律', '', '', '', '', '', '3', '0', '', '1408672898');

-- ----------------------------
-- Table structure for t_pq_company
-- ----------------------------
DROP TABLE IF EXISTS `t_pq_company`;
CREATE TABLE `t_pq_company` (
  `companyid` mediumint(8) unsigned NOT NULL AUTO_INCREMENT COMMENT '公司ID',
  `companyname` varchar(255) CHARACTER SET utf8 COLLATE utf8_unicode_ci DEFAULT NULL COMMENT '公司名',
  `sector` smallint(6) unsigned DEFAULT NULL COMMENT '所属行业',
  `nature` smallint(3) unsigned DEFAULT NULL COMMENT '公司性质',
  `info` text CHARACTER SET utf8 COLLATE utf8_unicode_ci COMMENT '公司简介',
  `number` tinyint(1) unsigned DEFAULT NULL COMMENT '员工人数(公司规模)',
  `area` char(20) CHARACTER SET utf8 COLLATE utf8_unicode_ci DEFAULT NULL COMMENT '地区',
  `address` varchar(255) CHARACTER SET utf8 COLLATE utf8_unicode_ci DEFAULT NULL COMMENT '通讯地址',
  `capital` smallint(8) unsigned DEFAULT NULL COMMENT '注册资金',
  `currency` tinyint(2) unsigned DEFAULT NULL COMMENT '币种',
  `people` varchar(20) DEFAULT NULL COMMENT '联系人',
  `telephone` varchar(30) DEFAULT NULL COMMENT '电话号码',
  `mobile` varchar(30) DEFAULT NULL COMMENT '手机号码',
  `fax` varchar(20) DEFAULT NULL COMMENT '传真',
  `email` varchar(50) DEFAULT NULL COMMENT '电子邮箱',
  `createtime` int(11) DEFAULT NULL,
  `birthday` varchar(20) DEFAULT NULL COMMENT '成立日期',
  `banner` varchar(255) DEFAULT NULL,
  `site` varchar(255) DEFAULT '',
  PRIMARY KEY (`companyid`)
) ENGINE=MyISAM AUTO_INCREMENT=19 DEFAULT CHARSET=utf8;

-- ----------------------------
-- Records of t_pq_company
-- ----------------------------
INSERT INTO `t_pq_company` VALUES ('11', '中级人民法院（江汉区）', '42', '0', '<p>\n	武汉市中级人民法院前身是武汉市人民政府法院，成立于1949年6月20日，由中央人民政府最高人民法院指导业务工作；1950年1月更名为武汉市人民法院；1955年1月更名为湖北省武汉市中级人民法院，接受湖北省高级人民法院的审判监督和业务指导，现办公地址：武汉市江汉区常青路156号，邮政编码：430024。新办公大楼“风格独特、布局合理、功能齐全”，占地71亩，设计建筑面积5.3万平方米。\n</p>\n随着社会经济的发展和行政区划的变更，武汉市的审判机构不断健全。根据行政区划和审判工作的需要，全市共设有15个基层人民法院， 54个乡镇、街道人民法庭。全市法院年结案数在7万件左右。', '4', '25001', '武汉市汉口常青公园', '0', null, '李经理', '027-85697253', '', '', '', '1410834047', '', 'company_banner/whzjrmfy.jpg', '');
INSERT INTO `t_pq_company` VALUES ('3', '北京趣乐科技有限公司', '0', '3', '<p>\r\n	北京趣乐科技有限公司，新一代音乐类垂直门户。<br />\r\n2012年创立，旗下蛐蛐音乐网（www.77music.com）自上线以来，其产品一直位居iPad音乐类畅销榜首位，并获得苹果2013年音乐类推荐产品。<br />\r\n在App Annie 2013年度报告中，《钢琴谱大全》也成为iPad非游戏类app收入总排名第9。2013年，获得腾讯创始人曾李青（德讯）的天使投资。<br />\r\n我们的目标是打造一座音乐教育行业的垂直平台，打通产业链的上下游，包括智能钢琴、电子乐谱的研发和销售，建立一座钢琴和吉他的平台门户，最终实现IPO。 <br />\r\n如果您正在寻找一个更好的机会或者热爱音乐，就跟我联系吧。我们将提供具有竞争力的薪资和期权，并且让您与业内最优秀的人，一起打造全新的音乐教育IT生态圈。\r\n</p>', '5', '28001', '武汉天地企业中心五号大厦28F（武汉二中对面，中山大道长江二桥站下车即到）', '0', null, '', '', '', '', '', '1407378531', '', 'http://localhost/ci/uploads/company_banner/7.gif', 'http://www.baidu.com');
INSERT INTO `t_pq_company` VALUES ('5', '神州租车租赁有限公司', '29', '2', '<p style=\"text-align:center;\">\n	北京神州汽车租赁有限公司简介\n</p>\n<p>\n	神州租车控股有限公司(China&nbsp;Auto&nbsp;Rental&nbsp;Holdings&nbsp;Inc.，简称神州租车)成立于2007年9月，总部位于北京。作为中国领先的汽车租赁服务提供商，神州租车积极借鉴国际上成功的汽车租赁模式，并结合中国客户的消费习惯，为客户提供短租、长租及融资租赁等专业化的汽车租赁服务，以及全国救援、异地还车等完善的配套服务。截至2012年12月，神州租车在国内66个主要城市和52个主要机场拥有近700个租车网点，50000余台车辆，公司资产逾百亿，服务个人客户过百万、企业客户近万家，是目前中国最大的全国性大型连锁汽车租赁企业。神州租车的股东包括赫兹公司（The&nbsp;Hertz&nbsp;Corporation，NYSE：HTZ,简称“赫兹”）、联想控股有限公司（Legend&nbsp;Holdings&nbsp;Ltd.，简称“联想控股”）、美国华平投资集团（Warburg&nbsp;Pincus，简称“华平投资”）等全球著名企业及基金。\n</p>', '6', '0', '武汉市汉阳区古琴台长江广场天下名企汇', '2000', null, '陈经理', '027-85697253', '', '', '', '1410768851', '', 'company_banner/szzc200.131_.jpg', '');
INSERT INTO `t_pq_company` VALUES ('6', '旺旺集团', '23', '2', '<p style=\"margin-left:-7.1pt;\">\n	招 聘 简 章\n</p>\n旺旺集团湖北总厂是由中国旺旺控股有限公司于2001年起在湖北仙桃投资兴办的高新技术企业，总厂下设仙桃瑞麦、湖北旺旺、仙桃旺旺、湖北立旺、湖北明旺五个食品有限公司，目前总厂辖七个生产工厂，公司现生产旺仔小馒头、旺仔QQ糖、牛奶糖、果冻、果冻爽、棒棒糖、酥心糖、果粒多、饮养速补、O泡、果C及旺旺雪饼、旺旺仙贝、小小酥、黑皮、米太郎等多个系列的米果产品。', '6', '2501401', '湖北仙桃市纺织大道旺旺总厂', '5000', null, '陈经理', '027-85697253', '', '', '', '1410769960', '', 'company_banner/wwjt200.131_.jpg', '');
INSERT INTO `t_pq_company` VALUES ('7', '湖北远大天天明制药有限公司', '31', '2', '&nbsp;\n<p style=\"text-align:center;\" align=\"center\">\n	湖北远大天天明制药有限公司招聘信息\n</p>\n<p>\n	&nbsp;在环境优美的武汉经济技术开发区，湖北远大天天明制药有限公司它如一颗璀璨的明珠镶嵌其间。2010年3月经过战略重组，成为远大医药（中国）有限公司的独资子公司，占地面积60亩，注册资金11400万元，主要生产眼用凝胶剂、滴眼剂、医用塑料包装制品，极大地丰富了集团公司的眼科品种和剂型。湖北远大天天明制药有限公司整合集团公司眼科产品资源，如虎添翼，昂首迈向国内最大的专业化眼科生产基地之列。\n</p>', '6', '0', '武汉市经济技术开发区车城北路', '11400', null, '陈经理', '027-85697238', '', '', '', '1410770580', '', 'company_banner/ttm.jpg', '');
INSERT INTO `t_pq_company` VALUES ('8', '武汉富宏宇科技有限公司', '6', '2', '<h3>\n	&nbsp;\n</h3>\n<h3>\n	武汉富弘宇科技有限公司\n</h3>\n<h3 style=\"text-align:left;\" align=\"left\">\n	武汉富弘宇科技有限公司一直致力于通过 电子商务、邮购目录、电视报纸媒体、呼叫中心等新兴运营模式，打造国内专业的无店铺购物平台。依托多年积累的电子商务和直复营销经验的完美结合，为顾客提供创新、诚信、高效的购物体验的同时还提供全方位的专人无忧购物服务。目前公司经营产品都是由韩国，美国进口的女性健康美容系列，男性保健系列。在人力资源方面公司十分重视员工能力的提升，本着“任人唯贤，人尽其才”的用人原则，公司提供定期的系统的专业化培训，不断提升员工的综合能力和业务技巧，充分发挥每一位员工的主观能动性，实现自我价值！\n</h3>', '4', '0', '武汉市洪山区光谷大道与南湖大道交汇处，光谷总部国际6栋301', '500', null, '陈经理', '027-85697253', '', '', '', '1410830892', '', '', '');
INSERT INTO `t_pq_company` VALUES ('9', '中国人民财产保险股份有限公司', '10', '1', '<h2>\n	&nbsp;\n</h2>\n<h2 style=\"text-align:left;\" align=\"left\">\n	中心简介\n</h2>\n<h2 style=\"text-align:left;\" align=\"left\">\n	中国人保财险是世界500强企业排名288位中国人民保险集团公司（PICC）旗下标志性主业，是由中国人保控股公司发起设立的目前中国内地最大的非寿险公司，中国内地大型国有金融企业海外上市“第一股”，北京2008年奥运会、2010年上海世博会保险合作伙伴。\n</h2>\n<h2>\n	2000年7月4日，中国人民财产保险股份有限公司率先在324个城市开通了365天*24小时的全天候95518专线服务电话，服务范围覆盖了全国广大的城市及乡村地区。湖北省95518客户服务中心目前有信息员150人，按照中心功能共设置报案岗、调度岗、咨询/投诉岗、回访岗、质检岗、培训岗、综合岗、大案请示等多个岗位 。\n</h2>', '6', '0', '汉口青年路王家墩附近', '60', null, '李经理', '027-85697238', '', '', '', '1410832103', '', 'company_banner/rb.jpg', '');
INSERT INTO `t_pq_company` VALUES ('12', '铭德网络科技（武汉）有限公司', '4', '2', '<p>\n	众融国际商城是铭德网络科技（武汉）有限公司名下独立运营的电子商务平台。打造大型连锁B2C网络购物商城，针对现在众多网上购物和有意开网店的群体提供服务，包括网站的制作，产品的提供和服务。\n</p>', '3', '0', '武昌洪山区关谷SBI创业街5栋10层', '200', null, '陈经理', '027-85697238', '', '', '', '1410835534', '', 'company_banner/mdwlkj200.131_.jpg', '');
INSERT INTO `t_pq_company` VALUES ('13', '新浪乐居网', '4', '3', '<h3>\n	乐居搭载新浪网、百度、新浪微博等国内重量级网络平台，把握移动互联网和大数据的时代脉搏，在房产互联行业经过多年积累，构建了多维度创新业务模式，覆盖房地产营销全过程，成为全国开发商、经纪公司及家居企业营销的重要合作伙伴。\n</h3>\n<h3>\n	乐居一直引领着房地产互联网营销的创新和变革。乐居发起并创立的房产电商平台，引领房地产电子商务由1.0的事件营销发展至2.0渠道营销，进而延展至3.0的阳光平台E信通，并加入4.0房地产金融工具乐居贷，逐步开创了中国房地产行业“无电商不营销”的市场局面。伴随微博等新媒体的迅速发展，乐居整合新浪微博资源综合运用于房地产行业的整合营销应用，首创微房产服务体系，现已广泛应用于房地产市场的新媒体营销中。乐居紧跟移动互联网的大趋势，针对不同受众推出“口袋乐居”、“房牛加”“口袋经纪人”、”装修钱管家”、“口袋楼书”和“乐居触屏版”等多款移动产品及移动应用，深度打造多维度房地产服务矩阵，全面占据房产移动营销终端。乐居基于真实房源限量超值理念的“认证房”产品，变革传统二手房端口服务模式为房产经纪行业提高成交转化提供有力武器。\n</h3>\n<p>\n	<br />\n</p>', null, '0', '武汉三镇', '0', null, '艾先生', '027-85697253', '', '', 'weixin3@leju.com                         ', '1410836089', '', 'company_banner/xllj200.131_.jpg', '');
INSERT INTO `t_pq_company` VALUES ('14', '江汉区城管执法大队', '42', '8', '武汉市城管局，武汉市人民政府工作部门，负责全市城市管理和城市管理综合执法工作拟定全市城市管理和城市管理综合执法工作的发展战略；制定全市城市管理和城市管理综合执法及各专项工作的中长期规划和年度计划，并组织实施。负责市管景观灯光的建设和维护管理；负责指导、监督门面招牌的设置管理工作；负责路名牌的设置、维护管理工作；负责户外广告设置、张贴张挂宣传品的许可和管理工作。', '4', '2500102', '武汉市京汉大道前进五路', '0', null, '陈经理', '027-85697238', '', '', '', '1410836861', '', 'company_banner/chengguan2.jpg', '');
INSERT INTO `t_pq_company` VALUES ('15', '中国邮政', '0', '1', '<p class=\"p_text\">\n	<a style=\"background-image:none;position:static;background-attachment:scroll;display:inline;background-repeat:repeat;background-position:0% 0%;\" href=\"http://www.so.com/s?q=%E4%B8%AD%E5%9B%BD%E9%82%AE%E6%94%BF%E9%80%9F%E9%80%92%E7%89%A9%E6%B5%81%E8%82%A1%E4%BB%BD%E6%9C%89%E9%99%90%E5%85%AC%E5%8F%B8&amp;ie=utf-8&amp;src=se_lighten_f\" target=\"_blank\">中国邮政速递物流股份有限公司</a>（简称中国邮政速递物流）是经国务院批准，<a style=\"background-image:none;position:static;background-attachment:scroll;display:inline;background-repeat:repeat;background-position:0% 0%;\" href=\"http://www.so.com/s?q=%E4%B8%AD%E5%9B%BD%E9%82%AE%E6%94%BF%E9%9B%86%E5%9B%A2&amp;ie=utf-8&amp;src=se_lighten_f\" target=\"_blank\">中国邮政集团</a>于2010年6月联合各省邮政公司共同发起设立的国有股份制公司，是中国经营历史最悠久、规模最大、网络覆盖范围最广、业务品种最丰富的快递物流综合服务提供商。\n</p>\n<p class=\"p_text\">\n	中国邮政速递物流在国内31个省（自治区、直辖市）设立全资子公司，并拥有邮政货运航空公司、<a style=\"background-image:none;position:static;background-attachment:scroll;display:inline;background-repeat:repeat;background-position:0% 0%;\" href=\"http://www.so.com/s?q=%E4%B8%AD%E9%82%AE%E7%89%A9%E6%B5%81%E6%9C%89%E9%99%90%E8%B4%A3%E4%BB%BB%E5%85%AC%E5%8F%B8&amp;ie=utf-8&amp;src=se_lighten_f\" target=\"_blank\">中邮物流有限责任公司</a>等子公司。截止2010年底，公司注册资本80亿元人民币，资产规模超过210亿元，员工近10万人，业务范围遍及全国31个省（自治区、直辖市）的所有市县乡（镇），通达包括港、澳、台地区在内的全球200余个国家和地区，营业网点超过4.5万个。\n</p>', '6', '2500102', '武汉市东西湖区十八支沟', '60', null, '崔小姐', '027-85697253', '', '', '', '1410839313', '', 'company_banner/zgyz200.131_.jpg', '');
INSERT INTO `t_pq_company` VALUES ('16', '武汉农村商业银行', '9', '1', '<p>\n	武汉农村商业银行是经中国银监会批准，在具有50多年历史的原武汉市农村信用社基础上改制成立的股份制商业银行，是全国第一家副省级城市农村商业银行，是市委、市政府直接管理、总部在汉、具有一级法人地位的银行机构，2009年9月9日正式挂牌。\n</p>\n<p>\n	武汉农村商业银行实施城乡并举的发展战略，为武汉城乡广大客户提供全面的商业银行产品与金融服务。目前，武汉农村商业银行拥有营业网点200余个，在岗员工4300余人，已经批准筹建和开业的村镇银行整体数量达到20家，形成规模化的发展态势，经营触角遍及广东、江苏、云南、海南、湖北等5省份，为武汉农村商业银行从地方性银行向区域性银行转变奠定了良好的基础。\n</p>\n<p>\n	经过长期的发展和几代农商人的不断努力，武汉农村商业银行已经成为区域金融领域的重要组成部分，是武汉“三农”经济、中小企业发展的主力银行和较有影响力的金融机构之一，连续多年获得“中国服务业企业500强”、“武汉市百强企业”、“全国十佳农村商业银行”。2013年被授予“省级文明单位”、“武汉市五一劳动奖状&nbsp;、“武汉市十佳和谐企业”、“武汉市服务三农特别奖”、&nbsp;“创建幸福武汉十大突出贡献企业”、“城乡和谐贡献奖”等多项荣誉称号。\n</p>\n<p>\n	<br />\n</p>', '6', '0', '武汉三镇农村商业银行网点', '0', null, '李经理', '027-85697238   027-85697253', '', '', '', '1410848075', '', 'company_banner/nsh200.131_1.jpg', '');
INSERT INTO `t_pq_company` VALUES ('18', '顺丰物流公司', '30', '2', '<div style=\"line-height:24px;text-transform:none;font-variant:normal;margin:15px 0px 5px;font-family:;white-space:normal;letter-spacing:normal;word-spacing:0px;-webkit-text-stroke-width:0px;\" class=\"para\">\n	顺丰速运，于1993年3月26日在<a href=\"http://baike.baidu.com/view/7340.htm\" target=\"_blank\">广东</a>顺德成立,<a href=\"http://baike.baidu.com/view/59567.htm\" target=\"_blank\">注册资金</a>1亿元。在1996年，随着客户数量的不断增长和国内经济的蓬勃发展，顺丰将网点进一步扩大到<a href=\"http://baike.baidu.com/view/2840.htm\" target=\"_blank\">广东省</a>以外的城市。至2006年初，顺丰的速递服务网络已经覆盖国内20多个省及<a href=\"http://baike.baidu.com/view/39377.htm\" target=\"_blank\">直辖市</a>，101个<a href=\"http://baike.baidu.com/view/115772.htm\" target=\"_blank\">地级市</a>，包括<a href=\"http://baike.baidu.com/view/2607.htm\" target=\"_blank\">香港</a>地区，成为<a href=\"http://baike.baidu.com/view/61891.htm\" target=\"_blank\">中国</a>速递行业中民族品牌的佼佼者之一。\n</div>\n<div style=\"line-height:24px;text-transform:none;font-variant:normal;margin:15px 0px 5px;font-family:;white-space:normal;letter-spacing:normal;word-spacing:0px;-webkit-text-stroke-width:0px;\" class=\"para\">\n	顺丰速运（集团）有限公司（以下简称顺丰）作为一家主要经营国际、国内快递业务的港资快递企业，为广大客户提供快速、准确、安全、经济、优质的专业快递服务。\n</div>\n<div style=\"line-height:24px;text-transform:none;font-variant:normal;margin:15px 0px 5px;font-family:;white-space:normal;letter-spacing:normal;word-spacing:0px;-webkit-text-stroke-width:0px;\" class=\"para\">\n	顺丰以“成就客户，推动经济，发展民族速递业”为自己的使命，积极探索客户需求，不断推出新的服务项目，为客户的产品提供快速、安全的流通渠道。\n</div>\n<div style=\"line-height:24px;text-transform:none;font-variant:normal;margin:15px 0px 5px;font-family:;white-space:normal;letter-spacing:normal;word-spacing:0px;-webkit-text-stroke-width:0px;\" class=\"para\">\n	为了向客户提供更便捷、更安全的服务，顺丰速运<a href=\"http://baike.baidu.com/view/3487.htm\" target=\"_blank\">网络</a>全部采用自建、自营的方式。经过十几年的发展，顺丰已经拥有6万多名员工和4000多台自有营运车辆,30多家一级分公司，2000多个自建的营业网点，服务网络覆盖20多个省、直辖市和<a href=\"http://baike.baidu.com/view/2607.htm\" target=\"_blank\">香港</a>、<a href=\"http://baike.baidu.com/view/2200.htm\" target=\"_blank\">台湾</a>地区，100多个地级市。\n</div>\n<div style=\"line-height:24px;text-transform:none;font-variant:normal;margin:15px 0px 5px;font-family:;white-space:normal;letter-spacing:normal;word-spacing:0px;-webkit-text-stroke-width:0px;\" class=\"para\">\n	为给客户提供更优质的快递服务，顺丰仍然不断投入巨资加强公司的基础建设，提高设备和系统的科技含量，不断提升员工的业务技能、自身素质和服务意识，以最全的<a href=\"http://baike.baidu.com/view/3487.htm\" target=\"_blank\">网络</a>、最快的速度、最优的服务打造核心竞争优势，塑造“顺丰”这一优秀的民族品牌。立志成为“最值得信赖和尊重的速运<a href=\"http://baike.baidu.com/view/9988.htm\" target=\"_blank\">公司</a>”。\n</div>', '6', '25001', '武汉市东西湖区高桥产业园革新大道9号顺丰速运公司', '1', null, '陈经理', '027-85697238   027-85697253', '', '', '', '1410851288', '', 'company_banner/sf.jpg', '');

-- ----------------------------
-- Table structure for t_pq_company_work
-- ----------------------------
DROP TABLE IF EXISTS `t_pq_company_work`;
CREATE TABLE `t_pq_company_work` (
  `autoid` mediumint(8) NOT NULL AUTO_INCREMENT COMMENT '自增id',
  `companyid` mediumint(8) NOT NULL COMMENT '公司id',
  `dept` mediumint(8) NOT NULL COMMENT '部门id',
  `areakey` int(8) NOT NULL COMMENT '工作地区',
  `jobkey` varchar(255) CHARACTER SET utf8 COLLATE utf8_icelandic_ci NOT NULL COMMENT '职位类别',
  `workname` char(120) CHARACTER SET utf8 COLLATE utf8_unicode_ci NOT NULL COMMENT '岗位名称',
  `timepub` int(10) NOT NULL COMMENT '职位发布的时间',
  `timerefresh` int(10) NOT NULL COMMENT '刷新时间',
  `timefrom` int(10) NOT NULL COMMENT '职位招聘开始时间',
  `timeto` int(10) NOT NULL COMMENT '职位招聘结束时间',
  `moneykey` tinyint(6) NOT NULL COMMENT '薪资待遇',
  `iszhusu` tinyint(1) NOT NULL DEFAULT '0' COMMENT '是否提供住宿',
  `jobnaturekey` varchar(255) CHARACTER SET utf8 COLLATE utf8_unicode_ci NOT NULL COMMENT '要求工作性质',
  `birthaddress` varchar(255) CHARACTER SET utf8 COLLATE utf8_unicode_ci NOT NULL COMMENT '要求户籍所在地',
  `edukey` smallint(6) NOT NULL COMMENT '要求学历',
  `expkey` tinyint(6) NOT NULL COMMENT '要求工作经验',
  `sex` tinyint(1) NOT NULL COMMENT '要求性别',
  `minage` tinyint(1) NOT NULL COMMENT '要求最小年龄',
  `maxage` tinyint(1) NOT NULL COMMENT '要求最大年龄',
  `numzhaopin` tinyint(8) NOT NULL COMMENT '招聘人数',
  `describe` text CHARACTER SET utf8 COLLATE utf8_unicode_ci NOT NULL COMMENT '职位描述（简介）',
  `isjiaji` tinyint(1) NOT NULL DEFAULT '0' COMMENT '是否紧急',
  `companyname` varchar(255) CHARACTER SET utf8 COLLATE utf8_unicode_ci DEFAULT NULL COMMENT '公司名称',
  `sector` smallint(6) unsigned DEFAULT NULL COMMENT '公司所属行业类别',
  `nature` smallint(3) unsigned DEFAULT NULL COMMENT '公司性质',
  `number` tinyint(1) unsigned DEFAULT NULL COMMENT '公司规模(员工人数)',
  `welfare` varchar(255) CHARACTER SET utf8 DEFAULT NULL COMMENT '福利待遇',
  `notice` text CHARACTER SET utf8 NOT NULL COMMENT '协议',
  `protocol` tinyint(1) DEFAULT NULL COMMENT '是否需要报名',
  `tempt` varchar(255) CHARACTER SET utf8 DEFAULT '',
  PRIMARY KEY (`autoid`),
  KEY `timefrom` (`timefrom`,`timeto`) USING BTREE
) ENGINE=InnoDB AUTO_INCREMENT=144210 DEFAULT CHARSET=latin1;

-- ----------------------------
-- Records of t_pq_company_work
-- ----------------------------
INSERT INTO `t_pq_company_work` VALUES ('144198', '5', '0', '2500104', '30405', '客服办公文员', '1410769301', '1410855012', '1410710400', '1442246400', '30', '0', '350', '0', '0', '1', '2', '18', '35', '50', '<p>\n	招聘职位：\n</p>\n<p style=\"text-align:left;\">\n	客服50名（非销售类）\n</p>\n<p style=\"text-align:left;\">\n	岗位职责\n</p>\n<p style=\"background-image:none;text-align:left;background-attachment:scroll;background-repeat:repeat;background-position:0% 0%;\">\n	1.根据公司服务规范，接听客户各类来电、解答客户对租车规则的疑问、处理各类预订业务；&nbsp;<br />\n2.准时到岗接班，准时参加班前（班后）会议，并根据要求熟记各类最新业务口径；&nbsp;<br />\n3.按规定参加各类岗中培训，学习各类业务知识、服务知识，并熟练运用&nbsp;<br />\n4.完成员工每日报表；&nbsp;\n</p>\n<p>\n	5.普通话标准\n</p>\n<p>\n	6.工作时间：每班8小时，每周工作五天，每月一次夜班；\n</p>\n<p>\n	7.人员要求：中专、高中以上文化，16-30周岁，男女不限，打字速度每分钟40字以上，思维敏捷，身体健康；\n</p>\n<p>\n	薪酬福利：\n</p>\n<p>\n	基本工资1600+餐补220+绩效1000~4000，综合薪资2500-6000\n</p>\n<p>\n	带薪培训，带薪年假，试用期即缴纳五险一金\n</p>', '0', null, null, null, null, 'i,v,d,it,e,l,w', '', '0', '缴纳五险一金、双休、综合工资3000以上');
INSERT INTO `t_pq_company_work` VALUES ('144199', '6', '0', '2501401', '35401', '车间作业员', '1410770250', '1410854987', '1410710400', '1442246400', '30', '0', '350', '0', '70', '1', '2', '18', '40', '50', '&nbsp;\n<p>\n	一、招聘要求：\n</p>\n<p style=\"margin-left:14.2pt;\">\n	1、&nbsp;&nbsp;&nbsp; 男女不限，年龄18-45岁，婚否不限，初中以上学历；\n</p>\n<p style=\"margin-left:14.2pt;\">\n	2、&nbsp;&nbsp;&nbsp; 身体健康（无传染病、精神病、皮肤病及经体检被我司认定合者）；\n</p>\n<p style=\"margin-left:14.2pt;\">\n	3、&nbsp;&nbsp;&nbsp; 品性良好，无犯罪记录，无处罚案底者，无被用人单位开除记录者；\n</p>\n<p style=\"margin-left:14.2pt;\">\n	4、&nbsp;&nbsp;&nbsp; 能配合倒班作业安排，能吃苦耐劳且服从意识强；（有相关工作经验者优先）\n</p>\n<p style=\"margin-left:-3.25pt;\">\n	二、薪资及福利待遇：\n</p>\n<p style=\"margin-left:-3.25pt;\">\n	1、工作时间：12小时制（白班：7:30——20:00：晚班19:30——次日8:00），15天倒班；\n</p>\n<p style=\"margin-left:-3.25pt;\">\n	2、薪资：公司实行标准工时制（计时薪资），严格执行国家劳动法加班费计算规定，正常出勤6.89元/时，延时加班1.5倍薪资，即10.34元/时；双休日加班2倍薪资，即13.79元/时；法定节假日加班3倍薪资，即20.69元/时；\n</p>\n<p style=\"margin-left:-3.25pt;\">\n	3、享受夜班津贴4元/12小时、岗位津贴，旺季奖金及生产绩效奖金，旺季薪资可达3500元左右；\n</p>\n<p style=\"margin-left:-3.25pt;\">\n	4、入职即缴纳五险（养老、医疗、工伤、生育、失业），按今年缴纳基数1200，公司每月缴纳369.6元，员工每月缴纳个人部分142元，若基数上调，个人及公司承担部分也相应上调，员工离职后自行至社保局办理转保或续保相关手续，每月10日左右发放工资至个人帐户（逢节假日延迟发放）；\n</p>\n<p style=\"margin-left:-3.25pt;\">\n	5、伙食：公司提供免费工作餐两餐，每餐三菜一汤（一荤菜）\n</p>\n<p>\n	宿舍；住宿员工需要每月扣50元住宿费，宿舍配有空调，公司给每位员工配有限额度数的电，超过部分公司补贴50%，其余部分宿舍成员平摊，从工资中扣除；饮水机24小时供应开水，有专人负责管理宿舍安全、卫生等。\n</p>\n<p>\n	6.录用人员与华中人才公司签订劳动合同，若表现优秀可转为旺旺公司正式员工。\n</p>\n<p style=\"margin-left:-9.35pt;\">\n	三、\n</p>', '0', null, null, null, null, 'it,e,l', '', '0', '包食宿、带薪年假、岗位津贴、国家规定的加班薪资福利');
INSERT INTO `t_pq_company_work` VALUES ('144200', '7', '0', '2500104', '354', '操作工', '1410770935', '1410854972', '1410710400', '1442246400', '30', '0', '350', '0', '70', '1', '2', '18', '40', '50', '&nbsp;\n<p style=\"margin-left:21pt;\">\n	Ø&nbsp; 操作工&nbsp;&nbsp;&nbsp;&nbsp;50名\n</p>\n<p style=\"margin-left:35.3pt;\">\n	1、年龄在18-45岁，中专以上学历；\n</p>\n<p style=\"margin-left:35.3pt;\">\n	2、身体健康，能吃苦耐劳，动手能力强；\n</p>\n<p style=\"margin-left:35.3pt;\">\n	3、工作时间为8小时三班倒、12小时两班倒或长白班。\n</p>\n<p style=\"margin-left:35.3pt;\">\n	工作环境：洁净厂房，恒温18-26℃<br />\n工作时间制：根据岗位，实行8小时三班倒及两班倒综合工作制<br />\n假期管理：每两周休两天，法定节假日公休<br />\n福利待遇：提供免费住宿；提供一日三餐工作餐（早餐按实际成本收费；中、晚餐标准6元/餐、员工承担2元/餐、公司补贴4元/餐/人）；中夜班补助；缴纳五险一金，办理职工互助医疗；发放过节费、降温费、奖金等福利项目。\n</p>\n<p style=\"margin-left:35.3pt;\">\n	&nbsp;\n</p>', '0', null, null, null, null, 'v,it,e,l', '', '0', '提供住宿、缴纳五险一金、提供工作餐、有加班补助福利');
INSERT INTO `t_pq_company_work` VALUES ('144201', '8', '0', '2500105', '0', '电话坐席代表', '1410831534', '1410854960', '1410796800', '1442332800', '30', '0', '350', '0', '70', '1', '2', '18', '35', '20', '<h3>\n	&nbsp;\n</h3>\n<h3 align=\"center\">\n	电话坐席代表\n</h3>\n<h3>\n	职位描述:<br />\n公司资源丰富，无需自己开发客户。通过电话和顾客沟通，准确理解客户的表达以及需求信息，引导2次销售，挖掘开发顾客消费潜力等。很好的完成客户咨询以及客户下单交流，负责订单的跟进，保证客户喜爱的商品快速、顺利的到达客户手中；保持良好的客户体验度；突破传统销售局限模式，创造良好的销售额记录。\n</h3>\n<h3>\n	岗位要求：\n</h3>\n<h3 style=\"text-align:left;margin-left:0cm;\" align=\"left\">\n	1、普通话流利，声音甜美，语言组织以及沟通能力好； 2、中专以上学历； 3、性格开朗，乐观向上，能吃苦耐劳，敢于挑战自我。具备积极的心态以及高度的情商管理等自我管理能力，具备良好的服务心态和服务精神；4、具备良好的学习能力和应变能力，能够承受较大的工作压力以及具备独立的分析以及处理事物的能力; 5、熟练电脑操作，主要办公软件WordExcel等；打字速度40字/分钟以上; 6、具备良好的沟通技巧以及销售技巧。立志在电子商务或电话营销领域发挥特长者，公司根据员工特点提供针对性的培训。\n</h3>\n<h3>\n	福利待遇：<br />\n&nbsp;无责任底薪2500（底薪1800+500住房补贴+200全勤）+提成+奖金+补助 &nbsp;新员工平均收入（税后）4000元左右，正式员工购买五险一金（养老、工伤、失业、生育、医疗保险及公积金）\n</h3>\n<h3>\n	工作时间：上午9:00-12:00，下午13:30-18:00 每天上班7个半小时；每月休息四天\n</h3>', '0', null, null, null, null, 'i,v,r', '', '0', '五险一金、住房补贴、上班7个半小时');
INSERT INTO `t_pq_company_work` VALUES ('144202', '9', '0', '2500102', '30405', '95518客服中心客服代表（内勤岗位/非销售类）', '1410832527', '1411201412', '1410796800', '1442332800', '30', '0', '350', '0', '90', '1', '2', '18', '35', '30', '岗位职责\n<p>\n	1、受理、记录各类通过95518客户服务中心进行的报案、咨询、投保、投诉等呼入来电； <br />\n2、负责客户回访和通知客户领取赔款等电话呼出工作； <br />\n3、负责报案信息在公司内外部的有效传递； <br />\n4、根据公司统一要求，开展其他服务。<br />\n招聘岗位要求\n</p>\n<p>\n	1、任职资格 ：具备大专及以上学历；有良好的沟通能力与服务意识； 普通话标准，较好的计算机操作水平; 有呼叫中心客服工作经验者优先。\n</p>\n<p>\n	2、岗位性质：本岗位属非销售类，无销售任务。\n</p>\n<p>\n	薪酬待遇及员工福利 <br />\n办理“五险”：养老、医疗、失业、工伤、生育。 公司提供早、中免费自助餐；\n</p>\n<p>\n	基本薪酬+奖励+交通补贴+通讯补贴+值班补贴&nbsp; 上岗首年度实际2500-2800元/月，待遇逐年递增；\n</p>\n<p>\n	享受过节费、生日费、健康体检等福利及公司规定享受其他福利待遇，公司有丰富的团队活动；\n</p>\n<p>\n	职业生涯规划及保障薪资待遇提升计划。\n</p>', '0', null, null, null, null, 'v,e,l', '', '0', '免费工作餐、五险、交通补贴 、值班补贴、带薪年假、生日福利、过节福利');
INSERT INTO `t_pq_company_work` VALUES ('144203', '11', '0', '2500102', '34901', '速录员', '1410835092', '1410913909', '1410796800', '1442332800', '7', '0', '350', '2500102', '0', '1', '1', '18', '35', '2', '<p>\n	江汉区中级人民法院招聘庭审记录员公告\n</p>\n<p>\n	因工作需要，拟面向社会招聘合同制速录员、现将有关事项公告如下：\n</p>\n<p>\n	一、公开招聘职位\n</p>\n<p>\n	招聘名额：速录员2名，仅限男性。\n</p>\n<p>\n	速录员工作职责：主要从事庭审记录、案卷扫描、装订、归档、等辅助性相关工作。\n</p>\n<p style=\"text-align:left;\" align=\"left\">\n	二、公开招聘范围\n</p>\n<p>\n	大学、中专职业学校学生,待业青年限。\n</p>\n<p>\n	三、报名条件\n</p>\n<p>\n	1、拥护中国共产党的领导，热爱社会主义，政治素质高，思想品德好，爱岗敬业，作风正派；\n</p>\n<p>\n	2、组织纪律性强，遵纪守法，身体健康，工作责任心强，具有团队协作精神，工作严谨，保守秘密；\n</p>\n<p>\n	3、大专及以上学历，法学类专业优先，品貌端庄、无眼疾、耳疾病，身体健康；\n</p>\n<p>\n	4、能熟练操作计算机，打字速度≥—80字/分钟，且具有一定的计算机应用能力；\n</p>\n<p>\n	5、年龄在35周岁以下（1979年1月1日以后出生），)，城乡户口不限。\n</p>\n<p>\n	四、下列人员不得报考：\n</p>\n<p>\n	1. 本人曾有不良行为或劳改、劳教判刑人员、被学校处分、记过等；\n</p>\n<p>\n	2、直系亲属或对本人有重大影响的旁系血亲因故意犯罪受被判刑或正在服刑的；\n</p>\n<p>\n	3、有关规定不得录用为政法机关工作人员的其他情形。\n</p>\n<p>\n	五、考试形式\n</p>\n<p>\n	本次招聘采取笔试（电脑打字、记录等）与面试相结合的形式，择优录用。\n</p>\n<p>\n	六、薪酬待遇\n</p>\n<p>\n	月收入1800元，双休、交纳五险。早、中餐免费。\n</p>', '0', null, null, null, null, 'l,w', '                                       ????\n\n???????????????????????????????????\n\n\n???????\n    10?31????????????????????????????????????????????????????????????????1???????????????????????????????????????????????\n \n   ?????????????6????KTV????6??', '1', '双休 、工作餐、缴纳五险');
INSERT INTO `t_pq_company_work` VALUES ('144204', '12', '0', '2500105', '30405', '电话坐席代表', '1410835842', '1410854364', '1410796800', '1442332800', '30', '0', '350', '0', '70', '1', '2', '18', '35', '20', '公司类型：电子商务<br />\n主营：1.网上商城&nbsp;&nbsp;&nbsp;&nbsp;帮助客户开独立的B2C模式的网上商城，提供技术支持，为客户申请域名，建设网站，完成货品的上下架，提供货源渠道，24小时在线客服，宣传推广等一系列的技术支持服务<br />\n&nbsp;&nbsp;&nbsp;&nbsp;&nbsp;&nbsp;&nbsp;&nbsp;2.微信营销&nbsp;&nbsp;&nbsp;&nbsp;帮助客户只做申请微信公众平台&nbsp;&nbsp;&nbsp;提供一系列的技术支持服务<br />\n<br />\n一．电话坐席代表（20名）--------可招应届毕业生\n<p>\n	薪资待遇（3000-10000）&nbsp; 无责任底薪+提成+签单及时奖+个人奖金+小组奖金+部门奖金\n</p>\n<p>\n	岗位要求：1、熟悉公司业务，通过电话沟通、了解客户需求，寻求机会与客户合作。\n</p>\n<p>\n	&nbsp;&nbsp;&nbsp;&nbsp;&nbsp;&nbsp;&nbsp; &nbsp;&nbsp;&nbsp;&nbsp;&nbsp;&nbsp; &nbsp;2、协调公司内部资源，调高客户满意度。\n</p>\n<p>\n	3、配合销售主管，努力提高团体业绩\n</p>\n<p>\n	4、年龄在30岁以下，高中以上学历，具备团队精神并能独立处 理所负责的任务。\n</p>\n<p>\n	&nbsp;&nbsp;5、性格外向、活泼开朗、反应敏捷、表达能力强，具有亲和力。\n</p>\n<p>\n	&nbsp;注：※以上职位一旦录用，待遇优越，面试要求：简历、学历证明等相关证件。\n</p>\n<p>\n	&nbsp;&nbsp;&nbsp;&nbsp;&nbsp;&nbsp; ※公司职员将提供免费住宿（有空调热水器、包水电）及工作餐（午餐+晚餐）。\n</p>\n<p>\n	<br />\n</p>', '0', null, null, null, null, 'v,it,l', '', '0', '提供住宿、带薪年假、免费工作餐');
INSERT INTO `t_pq_company_work` VALUES ('144205', '13', '0', '25001', '30302', '活动主管', '1410836352', '1410854894', '1410796800', '1442332800', '14', '0', '350', '0', '90', '1', '2', '18', '35', '20', '岗位职责：<br />\n1、&nbsp;&nbsp;&nbsp;项目活动对接及统筹工作<br />\n2、数据素材收集汇总提交<br />\n3、线下活动汇报<br />\n4、公司提供免费培训，并由专人指导学习上岗<br />\n任职资格：<br />\n1、大专或大专以上学历（应届毕业生，在校大学生，实习生皆可）；<br />\n2、有一定沟通、领悟、表达能力，具亲和力；<br />\n3、责任心强，有较强的团队合作精神，勇于面对挑战；<br />\n4、能熟练操作办公软件，如：WORD/EXCEL等；<br />\n5、有社会实习工作经历者优先，有营销工作经历优先；<br />\n6、试用期工资1600—1800，3个月试用期后2000+业绩提成+五险。如实习期间表现优异者，有机会转入正编岗位。试用期每周休息一天，试用期过后每周休息两天。<br />\n<br />', '0', null, null, null, null, 'v,f,w', '???????   weixin3@leju.com                         QQ:283000669\n', '1', '双休、缴纳五险');
INSERT INTO `t_pq_company_work` VALUES ('144206', '14', '0', '2500102', '34901', '城管协管员', '1410838198', '1411201050', '1410796800', '1442332800', '7', '0', '350', '0', '70', '1', '1', '18', '40', '20', '<span>一、招聘对象和条件</span><br />\n<span>1、以湖北省内户籍为主，武汉本地常住人口，退伍军人或大专以上学历优先；</span><br />\n<span>2、男性，要求年龄20周岁至35周岁之间，身高1.68米以上。</span><br />\n<span>3、历届高中及以上学历（谢绝在校生）；</span><br />\n<span>4、能适应室外工作要求，服从城管工作时间安排；</span><br />\n<span>5、有较高的政治思想觉悟，较强的法制意识和基本的城管法律法规常识，遵纪守法，作风正派，责任心强，有志从事城市管理工作；</span><br />\n<span>6、身体健康，无生理缺陷，无各种传染性疾病或精神疾病；</span><br />\n<span>7、无违法犯罪记录，未受过行政开除处分</span><br />', '0', null, null, null, null, 'v,e,l', '', '0', '缴纳五险、免费工作餐');
INSERT INTO `t_pq_company_work` VALUES ('144207', '15', '0', '25001', '32301', '趟班司机', '1410839568', '1410854864', '1410796800', '1442332800', '30', '0', '350', '25001', '0', '1', '1', '18', '42', '30', '<p style=\"text-align:left;\" align=\"left\">\n	招聘职岗位及人数、工作地点<br />\n趟班司机，30人。工作地点：东西湖（有班车接送）。从东西湖发车到市内各点。<br />\n招聘要求与条件<br />\n（1）年龄18--42岁；<br />\n（2）男性，身体健康、五官端正，无犯罪记录；<br />\n（3）工作认真负责，吃苦耐劳；<br />\n（4）B照以上，驾龄2年以上。<br />\n待遇报酬<br />\n趟班司机3200-3400元，签订合同后缴纳五险，年节日奖金、工作服、劳保用品，夏季高温补贴、带薪休假等福利优厚。\n</p>\n<p style=\"background-image:none;text-align:left;background-attachment:scroll;background-repeat:repeat;background-position:0% 0%;\" align=\"left\">\n	<br />\n</p>', '0', null, null, null, null, 'v,e,l', '', '0', '缴纳五险、节日奖金、带薪年假、高温补贴');
INSERT INTO `t_pq_company_work` VALUES ('144208', '16', '0', '25001', '316', '微贷客户经理', '1410850112', '1410854842', '1410796800', '1414425600', '60', '0', '350', '0', '90', '1', '2', '22', '28', '60', '<p>\n	微小企业信贷服务中心派遣制客户经理<br />\n1、招聘人数：60人<br />\n2、岗位要求：<br />\n（1）年龄在22—28周岁,全日制普通高等学校专科及以上学历，专业不限（金融、经济、财会等相关专业优先）。五官端正、身体健康；<br />\n（2）武汉常住户口（会说武汉方言者优先），有亲和力，擅长与人沟通；<br />\n（3）逻辑思维能力强，心理素质好，反应灵敏，能够适应加班；<br />\n（4）既往无犯罪违法违纪纪录，能严格遵守各项规章制度、保密制度、服务规范等。<br />\n3、岗位主要职责：<br />\n1 受理全行微小企业贷款业务，进行贷前调查工作<br />\n2 在全市范围内开展微小贷款营销工作<br />\n3 贷款发放后的管理工作<br />\n4 进行业务宣传并接受客户咨询<br />\n<br />\n<br />\n二、薪酬福利<br />\n1、薪资组成＝基本工资（不低于1800元）+绩效工资<br />\n（1）基本工资=岗级底薪（不低于1200元）+市场拓展费+各项津贴（餐补+远城区补贴+其他）<br />\n（2）绩效工资以营销、管理的微小贷款户数及管理质量为基础，按照多劳多得的原则计算。<br />\n2、福利=五险一金+其他各项津贴福利（例如节令奖金、降温费、取暖费等），参照本行津贴福利标准发放。<br />\n3、员工的薪资与绩效成绩直接挂钩，员工绩效工资将根据绩效成绩进行相应调整。<br />\n三、职业发展<br />\n1、本次招聘人员全部与第三方签订劳动合同，代理人事关系管理。<br />\n2、业绩突出、具备一定管理能力的将晋升为专职主管。<br />\n3、年度考核被评为优秀等级，或对本行业务发展有特殊贡献的，给予按照一定比例转为该行合同制员工的机会。<br />\n四、工作地点<br />\n我行武汉市各银行网点。\n</p>\n<p>\n	<br />\n</p>', '0', null, null, null, null, 'v,f,e,t', '', '0', '缴纳五险、节日奖金、带薪年假、高温补贴');
INSERT INTO `t_pq_company_work` VALUES ('144209', '18', '0', '2500108', '32505', '分拣分发员', '1410851552', '1410854726', '1410796800', '1442332800', '30', '0', '350', '0', '70', '1', '1', '18', '45', '50', '<p>\n	具体要求如下：<br />\n1.50岁以下，身体健康，初中以上文化程度，能吃苦；<br />\n2.能适应上两班倒，服从公司管理；<br />\n3.主要从事快递的分拣；<br />\n4.认真负责，有上进心；<br />\n5.薪酬：新进员工第一个月约2800元，次月起 3000-3200元，办理社保；<br />\n6.每月休息4天。\n</p>\n<p>\n	<br />\n</p>', '0', null, null, null, null, 'v,e', '', '0', '缴纳五险、节日奖金、带薪年假');

-- ----------------------------
-- Table structure for t_pq_keywords
-- ----------------------------
DROP TABLE IF EXISTS `t_pq_keywords`;
CREATE TABLE `t_pq_keywords` (
  `id` mediumint(8) unsigned NOT NULL AUTO_INCREMENT,
  `keywords` varchar(255) DEFAULT '',
  `url` varchar(255) DEFAULT '',
  PRIMARY KEY (`id`)
) ENGINE=InnoDB AUTO_INCREMENT=12 DEFAULT CHARSET=utf8;

-- ----------------------------
-- Records of t_pq_keywords
-- ----------------------------
INSERT INTO `t_pq_keywords` VALUES ('4', '华中人才', 'http://www.111job.cn/');
INSERT INTO `t_pq_keywords` VALUES ('5', '华中人才网', 'http://www.111job.cn');
INSERT INTO `t_pq_keywords` VALUES ('6', '人才派遣', 'http://paiqian.111job.cn');
INSERT INTO `t_pq_keywords` VALUES ('7', '华中人才派遣', 'http://paiqian.111job.cn');
INSERT INTO `t_pq_keywords` VALUES ('8', '武汉人才派遣', 'http://paiqian.111job.cn/');
INSERT INTO `t_pq_keywords` VALUES ('9', '湖北人才派遣', 'http://paiqian.111job.cn/');
INSERT INTO `t_pq_keywords` VALUES ('11', '派遣员工', 'http://paiqian.111job.cn/');

-- ----------------------------
-- Table structure for t_pq_message
-- ----------------------------
DROP TABLE IF EXISTS `t_pq_message`;
CREATE TABLE `t_pq_message` (
  `id` int(10) unsigned NOT NULL AUTO_INCREMENT COMMENT '留言ID(自增)',
  `name` varchar(50) DEFAULT '' COMMENT '留言者姓名',
  `email` varchar(100) DEFAULT '' COMMENT '留言者邮箱',
  `ip` varchar(50) DEFAULT '' COMMENT '留言者IP',
  `comment` varchar(255) DEFAULT '' COMMENT '留言内容',
  `reply` varchar(255) DEFAULT '' COMMENT '回复',
  `userid` mediumint(8) unsigned DEFAULT '0' COMMENT '用户ID',
  `createtime` int(11) unsigned DEFAULT '0' COMMENT '留言时间',
  `phone` varchar(50) DEFAULT '',
  `type` varchar(20) DEFAULT '',
  PRIMARY KEY (`id`)
) ENGINE=InnoDB AUTO_INCREMENT=5 DEFAULT CHARSET=utf8;

-- ----------------------------
-- Records of t_pq_message
-- ----------------------------
INSERT INTO `t_pq_message` VALUES ('1', '张三', 'zhangsan@163.com', '127.0.0.1', '我是张三', 'fdsfsdfsdf', '0', '0', '', '');
INSERT INTO `t_pq_message` VALUES ('2', '李四', 'lisi@163.com', '127.0.0.1', '我是李四', '', '0', '0', '', '');

-- ----------------------------
-- Table structure for t_pq_post
-- ----------------------------
DROP TABLE IF EXISTS `t_pq_post`;
CREATE TABLE `t_pq_post` (
  `id` int(10) unsigned NOT NULL AUTO_INCREMENT,
  `user_id` int(10) unsigned NOT NULL DEFAULT '1' COMMENT '用户',
  `nickname` varchar(30) NOT NULL DEFAULT '' COMMENT '用户名',
  `author` varchar(100) NOT NULL DEFAULT '' COMMENT '作者',
  `title` varchar(255) NOT NULL COMMENT '标题',
  `catalog_id` smallint(5) unsigned NOT NULL DEFAULT '0' COMMENT '分类',
  `intro` text COMMENT '摘要',
  `seo_title` varchar(255) NOT NULL DEFAULT '' COMMENT 'SEO标题',
  `seo_description` text COMMENT 'SEO描述',
  `seo_keywords` varchar(255) NOT NULL DEFAULT '' COMMENT 'SEO关键字',
  `content` mediumtext NOT NULL COMMENT '内容',
  `copy_from` varchar(100) NOT NULL DEFAULT '' COMMENT '来源',
  `copy_url` varchar(255) NOT NULL DEFAULT '' COMMENT '来源url',
  `redirect_url` varchar(255) NOT NULL DEFAULT '' COMMENT '跳转URL',
  `tags` varchar(255) NOT NULL DEFAULT '' COMMENT 'tags',
  `view_count` int(10) unsigned NOT NULL DEFAULT '1' COMMENT '查看次数',
  `attach_file` varchar(255) NOT NULL DEFAULT '' COMMENT '附件名称',
  `last_update_time` int(10) unsigned NOT NULL DEFAULT '0' COMMENT '最后更新时间',
  `reply_count` int(10) unsigned NOT NULL DEFAULT '0' COMMENT '回复次数',
  `reply_allow` enum('Y','N') NOT NULL DEFAULT 'Y' COMMENT '允许评论',
  `sort_desc` int(10) unsigned NOT NULL DEFAULT '0' COMMENT '排序',
  `create_time` int(10) unsigned NOT NULL DEFAULT '0' COMMENT '录入时间',
  `preview` tinyint(1) NOT NULL DEFAULT '0' COMMENT '0:预览状态,1:正常',
  PRIMARY KEY (`id`)
) ENGINE=MyISAM AUTO_INCREMENT=63 DEFAULT CHARSET=utf8 COMMENT='内容管理';

-- ----------------------------
-- Records of t_pq_post
-- ----------------------------
INSERT INTO `t_pq_post` VALUES ('61', '1', '', '佚名', '劳务派瀢出新规：限定了派遣比例', '4', '据华中人才派瀢了解，劳务派瀢新规提出，企业的派遣员工总数不能超过全部员工总数的10%，这是此前的劳动法规中从未有过的一个规定。侯睿丰介绍，在此之前，企业可以根据需求设立派遣岗位的数量，100%也无所谓，但现在如果是一家1000人的企业，派遣员工的数量就必须严格控制在100人以内。\n', '', null, '劳务派遣 派遣 华中人才派瀢 劳务派遣公司 劳动合同 派遣员工', '<p>\n	<span></span>\n</p>\n<p>\n	<span style=\"font-family:宋体;\">　　据<a href=\"http://paiqian.111job.cn/\" target=\"_blank\"><a href=\"http://www.111job.cn\">华中人才</a>派瀢</a>了解，劳务派瀢新规提出，企业的派遣员工总数不<a href=\"http://paiqian.111job.cn/\" target=\"_blank\">能超过全</a>部员工总数的</span><span>10%</span><span style=\"font-family:宋体;\">，这是此前的劳动法规中从未有过的一个规定。侯睿丰介绍，在此之前，企业可以根据需求设立派遣岗位的数量，</span><span>100%</span><span style=\"font-family:宋体;\">也无所谓，但现在如果是一家</span><span>1000</span><span style=\"font-family:宋体;\">人的企业，派遣员工的数量就必须严格控制在</span><span>100</span><span style=\"font-family:宋体;\">人以内。</span> \n</p>\n<p>\n	<span style=\"font-family:宋体;\"></span><span></span>&nbsp;\n</p>\n<p>\n	<span></span>\n</p>\n<p>\n	<span style=\"font-family:宋体;\">　　由于<a href=\"http://paiqian.111job.cn/\" target=\"_blank\">派遣员工</a>高于</span><span>10%</span><span style=\"font-family:宋体;\">是大部分企业的现状，无法立即改变，因此“暂行规定”给出了调整的过渡期，允许企业在</span><span>2014</span><span style=\"font-family:宋体;\">年</span><span>3</span><span style=\"font-family:宋体;\">月</span><span>1</span><span style=\"font-family:宋体;\">日起的两年内，把比例降到</span><span>10%</span><span style=\"font-family:宋体;\">以内。“在此之前，企业需根据各地要求将调整方案提交劳动局备案，便于政府监督。多个城市已确定备案截止时间。比如北京、南京要求</span><span>8</span><span style=\"font-family:宋体;\">月</span><span>31</span><span style=\"font-family:宋体;\">日前完成备案，上海则要求在</span><span>10</span><span style=\"font-family:宋体;\">月</span><span>31</span><span style=\"font-family:宋体;\">日前。”俞斌说。</span> \n</p>\n<p>\n	<span style=\"font-family:宋体;\"></span><span></span>&nbsp;\n</p>\n<p>\n	<span></span>\n</p>\n<p>\n	<span style=\"font-family:宋体;\">　　俞斌说，新规还进一步规定，在这两年中，企业在将<a href=\"http://paiqian.111job.cn/\" target=\"_blank\">派遣</a>比例降到</span><span>10%</span><span style=\"font-family:宋体;\">前，只能招正式员工，不能招派遣员工，即便原来派遣岗位上有员工离职。这样一来，随着员工流动，派遣岗位只能不断减少，有效保证了<a href=\"http://paiqian.111job.cn/\" target=\"_blank\">派遣员工</a>比例的下降。</span><span></span> \n</p>', '华中人才网', 'www.111job.cn', '', '劳务派遣,派遣,华中人才派瀢,劳务派遣公司,劳动合同,派遣员工', '10', 'post_cover/派遣新闻03.jpg', '1410919988', '0', 'Y', '0', '1410919934', '1');
INSERT INTO `t_pq_post` VALUES ('56', '1', '', '佚名', '劳务派遣出新规：明确定义了同工同酬的概念', '4', '过去的劳动法规中也对劳务派遣的派遣员工与正式员工同工同酬有过规定，但实行效果并不理想，这一次的新规定则进一步明确了同工同酬的概念和薪酬制定规范，要求同类型岗位，执行同样的劳动报酬分配办法，也就是同一个岗位应实行相同的薪酬框架、分配制度，不同岗位之间薪酬框架可存在差异。\n\n', '', null, '劳务派遣 劳务派遣公司 劳动合同 派遣员工', '&nbsp;\n<p style=\"text-indent:17.95pt;\">\n	<span style=\"font-family:宋体;\">过去的劳动法规中也对<a href=\"http://paiqian.111job.cn/\" target=\"_blank\"><a href=\"http://paiqian.111job.cn/\">劳务派遣</a></a>的<a href=\"http://paiqian.111job.cn/\" target=\"_blank\">派遣员工与</a>正式员工同工同酬有过规定，但实行效果并不理想，这一次的新规定则进一步明确了同工同酬的概念和薪酬制定规范，要求同类型岗位，执行同样的劳动报酬分配办法，也就是同一个岗位应实行相同的薪酬框架、分配制度，不同岗位之间薪酬框架可存在差异。</span> \n</p>\n<p style=\"text-indent:17.95pt;\">\n	<span style=\"font-family:宋体;\"></span>&nbsp;\n</p>\n<p style=\"text-indent:17.95pt;\">\n	<span></span>\n</p>\n<p style=\"text-indent:17.95pt;\">\n	<span style=\"font-family:宋体;\">侯睿丰表示，新规中的同工同酬概念，只强调制度上的公平性。“当然如果因为评价和考核造成最终取得不同的成绩，那么员工仍然可能获得不一样的报酬。前提是，制度必须一模一样。”侯睿丰说。</span> \n</p>\n<p style=\"text-indent:17.95pt;\">\n	<span style=\"font-family:宋体;\"></span>&nbsp;\n</p>\n<p style=\"text-indent:17.95pt;\">\n	<span></span>\n</p>\n<p style=\"text-indent:17.95pt;\">\n	<span style=\"font-family:宋体;\">俞斌举例做了一个解释：一般本科的起薪是</span><span>3500</span><span style=\"font-family:宋体;\">元，研究生是</span><span>4000</span><span style=\"font-family:宋体;\">元，起薪本就不同，如果一定要强调拿相同的报酬其实并不合适。但根据新规的定义，同工同酬即实行相同的劳动报酬分配办法，硕士学历的派遣员工起薪应该会高于本科学历的正式员工，从分配制度上来看应该算是更为公平。</span> \n</p>\n<p style=\"text-indent:17.95pt;\">\n	<span style=\"font-family:宋体;\"></span>&nbsp;\n</p>\n<p style=\"text-indent:17.95pt;\">\n	<span></span>\n</p>\n<p style=\"text-indent:17.95pt;\">\n	<span style=\"font-family:宋体;\">另外，新规还在福利方面新增了规定，要求企业在给派遣员工与岗位相关的福利待遇时不能有歧视，同类型岗位的派遣员工和正式员工不能有明显差异。</span> \n</p>\n<p style=\"text-indent:17.95pt;\">\n	<span style=\"font-family:宋体;\"></span>&nbsp;\n</p>\n<p style=\"text-indent:17.95pt;\">\n	<span></span>\n</p>\n<p style=\"text-indent:17.95pt;\">\n	<span style=\"font-family:宋体;\">与工作岗位相关的津贴包括岗位特殊津贴、劳防津贴、劳防补贴和劳动安全的必要防护措施。“如果企业有这些福利的话，那么正式员工和<a href=\"http://paiqian.111job.cn/\" target=\"_blank\">派遣员工</a>都应该享受。有明显差异就是歧视。”俞斌介绍道。另外，一些与公司工作年限有关的福利，比如奖励员工忠诚度的长期服务奖也属于这一范围内。</span> \n</p>\n<p style=\"text-indent:17.95pt;\">\n	<span style=\"font-family:宋体;\"></span>&nbsp;\n</p>\n<p style=\"text-indent:17.95pt;\">\n	<span></span>\n</p>\n<p style=\"text-indent:17.95pt;\">\n	<span style=\"font-family:宋体;\">至于一些与岗位无关的其他福利，企业仍有一定的自主分配空间。</span> \n</p>', '华中人才网', 'www.111job.cn', '', '劳务派遣,劳务派遣公司,劳动合同,派遣员工', '4', 'post_cover/派遣新闻01.jpg', '1410919808', '0', 'Y', '0', '1410918571', '1');
INSERT INTO `t_pq_post` VALUES ('57', '1', '', '佚名', '中国银行劳务派遣工比例由20%降至2%', '4', '近年来，很多企业存在同工不同身份、同工不同酬或者同工不同福利等问题，导致派遣员工觉得“低人一等”，归属感不强，流失率偏高，基层队伍不稳定。2014年3月1日起施行的《劳务派遣暂行规定》明确，用工单位应当严格控制劳务派遣用工数量，使用的被派遣劳动者数量不得超过其用工总量的10%，超过的于规定施行之日起两年内降至规定比例。', '', null, '劳务派遣 派遣 劳务派遣公司 劳动合同 派遣员工', '&nbsp;\n<p style=\"text-align:center;\" align=\"center\">\n	<b><span></span></b>\n</p>\n<p style=\"text-indent:17.95pt;\">\n	<span style=\"font-family:宋体;\">近年来，很多企业存在同工不同身份、同工不同酬或者同工不同福利等问题，导致派遣员工觉得“低人一等”，归属感不强，流失率偏高，基层队伍不稳定。</span><span>2014</span><span style=\"font-family:宋体;\">年</span><span>3</span><span style=\"font-family:宋体;\">月</span><span>1</span><span style=\"font-family:宋体;\">日起施行的《<a href=\"http://paiqian.111job.cn/\">劳务派遣</a>暂行规定》明确，用工单位应当严格控制<a href=\"http://paiqian.111job.cn/\" target=\"_blank\"><a href=\"http://paiqian.111job.cn/\">劳务派遣</a></a>用工数量，使用的被派遣劳动者数量不得超过其用工总量的</span><span>10%</span><span style=\"font-family:宋体;\">，超过的于规定施行之日起两年内降至规定比例。</span> \n</p>\n<p style=\"text-indent:17.95pt;\">\n	<span style=\"font-family:宋体;\"></span>&nbsp;\n</p>\n<p style=\"text-indent:17.95pt;\">\n	<span></span>\n</p>\n<p style=\"text-indent:17.95pt;\">\n	<span style=\"font-family:宋体;\">近日，中国银行人力资源部总经理高兆刚接受记者采访时说，经过半年多的<a href=\"http://paiqian.111job.cn/\">劳务派遣</a>用工转换，全行<a href=\"http://paiqian.111job.cn/\" target=\"_blank\">派遣员工</a>占比已由</span><span>2013</span><span style=\"font-family:宋体;\">年的</span><span>20%</span><span style=\"font-family:宋体;\">下降到</span><span>2%</span><span style=\"font-family:宋体;\">，预计年底前基本完成转换工作。</span> \n</p>\n<p style=\"text-indent:17.95pt;\">\n	<span style=\"font-family:宋体;\"></span>&nbsp;\n</p>\n<p style=\"text-indent:17.95pt;\">\n	<span></span>\n</p>\n<p style=\"text-indent:17.95pt;\">\n	<span style=\"font-family:宋体;\">高兆刚说，中行<a href=\"http://paiqian.111job.cn/\" target=\"_blank\"><a href=\"http://paiqian.111job.cn/\">劳务派遣</a></a>用工是在股份制改革前编外用工的基础上形成的，人数最多的时候曾达到</span><span>6.7</span><span style=\"font-family:宋体;\">万人，占全行员工总数的</span><span>23%</span><span style=\"font-family:宋体;\">。</span><span>2013</span><span style=\"font-family:宋体;\">年</span><span>10</span><span style=\"font-family:宋体;\">月，中行明确其基本用工形式是劳动合同用工，现有派遣员工依法规按程序转换为合同制员工，不设比例限制。</span> \n</p>\n<p style=\"text-indent:17.95pt;\">\n	<span style=\"font-family:宋体;\"></span>&nbsp;\n</p>\n<p style=\"text-indent:17.95pt;\">\n	<span></span>\n</p>\n<p style=\"text-indent:17.95pt;\">\n	<span style=\"font-family:宋体;\"><a href=\"http://paiqian.111job.cn/\" target=\"_blank\">派遣员工</a>转换身份后，直接与中行签订劳动合同，真正与其他劳动合同制员工实现“同工、同酬、同福利、同机制、同管理”。由于转换增加的人事费用通过“总行支持一部分、分行承担一部分”来解决。</span> \n</p>\n<p style=\"text-indent:17.95pt;\">\n	<span style=\"font-family:宋体;\"></span>&nbsp;\n</p>\n<p style=\"text-indent:17.95pt;\">\n	<span></span>\n</p>\n<p style=\"text-indent:17.95pt;\">\n	<span style=\"font-family:宋体;\">“转换身份后的职工薪酬福利成本提升</span><span>20%</span><span style=\"font-family:宋体;\">左右。”高兆刚说，“这不仅维护了员工的合法权益，构建了和谐的劳动关系，也促进了银行的改革发展，树立了良好的社会形象。”</span> \n</p>\n<p style=\"text-indent:17.95pt;\">\n	<span style=\"font-family:宋体;\"></span>&nbsp;\n</p>\n<p style=\"text-indent:17.95pt;\">\n	<span></span>\n</p>\n<p style=\"text-indent:17.95pt;\">\n	<span style=\"font-family:宋体;\">此外</span><span>,</span><span style=\"font-family:宋体;\">中国银行在经营实践中认为，员工转换身份后，归属感明显增强，积极性得到充分调动，而有效的激励约束进一步解放了生产力。</span> \n</p>\n<p style=\"text-indent:17.95pt;\">\n	<span style=\"font-family:宋体;\"></span>&nbsp;\n</p>\n<p style=\"text-indent:17.95pt;\">\n	<span></span>\n</p>\n<p style=\"text-indent:17.95pt;\">\n	<span>2014</span><span style=\"font-family:宋体;\">年上半年，中行税后利润同比增长</span><span>10.97%</span><span style=\"font-family:宋体;\">，股东应享税后利润同比增长</span><span>11.15%</span><span style=\"font-family:宋体;\">，人民币存款新增量创</span><span>2010</span><span style=\"font-family:宋体;\">年以来同期最高，非利息收入同比增长</span><span>13.4%</span><span style=\"font-family:宋体;\">，综合经营收入同比增长</span><span>20%</span><span style=\"font-family:宋体;\">。</span> \n</p>\n<p style=\"text-indent:17.95pt;\">\n	<span style=\"font-family:宋体;\"></span>&nbsp;\n</p>\n<p style=\"text-indent:17.95pt;\">\n	<span></span>\n</p>\n<p style=\"text-indent:17.95pt;\">\n	<span style=\"font-family:宋体;\">“超预期的成绩单，一定程度上正是得益于用工政策调整和资源配置倾斜后，基层一线员工队伍迸发出的激情和干劲。”高兆刚说。</span> \n</p>\n<p style=\"text-indent:17.95pt;\">\n	<span style=\"font-family:宋体;\"></span>&nbsp;\n</p>\n<p style=\"text-indent:17.95pt;\">\n	<span></span>\n</p>\n<p style=\"text-indent:17.95pt;\">\n	<span style=\"font-family:宋体;\">人力资源和社会保障部相关负责人认为，中行的做法树立了榜样，充分体现了对被<a href=\"http://paiqian.111job.cn/\" target=\"_blank\">派遣</a>劳动者的真情关怀和依法规范企业用工的社会责任担当，对其他企业具有典型示范意义。</span> \n</p>\n<p style=\"text-indent:17.95pt;\">\n	<span style=\"font-family:宋体;\"></span>&nbsp;\n</p>', '华中人才网', 'http://paiqian.111job.cn/', '', '劳务派遣,派遣,劳务派遣公司,劳动合同,派遣员工', '3', 'post_cover/派遣新闻021.jpg', '1410919032', '0', 'Y', '0', '1410918903', '1');
INSERT INTO `t_pq_post` VALUES ('51', '1', '', '佚名', '社保断了以后怎么续', '5', '如果个人办理“五险一金”，那么其中的失业险、生育险、工伤险就不存在了，因为这三项都是由单位来承担的（包括公积金），同时像失业、生育、工伤也只有企业的员工才享有这三项待遇。因此，吴女士只有“二险”需要自己来办理，也就是我们通常所说的按“灵活再就业人员”进行参保，这“二险”就是“社会养老保险”和“社会医疗保险”。\n\n', '', null, '华中人才派遣 社保 养老保险 医疗保险 五险一金 ', '&nbsp;\n<p style=\"text-align:center;text-indent:18pt;\" align=\"center\">\n	<b><span></span></b>\n</p>\n<p style=\"text-indent:17.95pt;\">\n	<span style=\"font-family:宋体;\">吴女士：我今年</span><span>36</span><span style=\"font-family:宋体;\">岁，原来在一家国有企业工作，企业负责为我缴纳五险一金。</span><span>2006</span><span style=\"font-family:宋体;\">年</span><span>5</span><span style=\"font-family:宋体;\">月，由于企业减员，我回家开始从事小本经营。当时需要资金较多保险就中断了，一直没再办理，而且也没有任何商业保险。现在，经过几年的经营，我的小生意已步入正轨，年龄又逐年增加，特别担心自己的养老和医疗问题，因此想问问怎样解决这个问题好，社保断了以后怎么续？</span> \n</p>\n<p style=\"text-indent:17.95pt;\">\n	<span style=\"font-family:宋体;\"></span>&nbsp;\n</p>\n<p style=\"text-indent:17.95pt;\">\n	<span></span>\n</p>\n<p style=\"text-indent:17.95pt;\">\n	<span style=\"font-family:宋体;\"><a href=\"http://www.111job.cn\">华中人才</a>派遣专家支招</span> \n</p>\n<p style=\"text-indent:17.95pt;\">\n	<span style=\"font-family:宋体;\"></span>&nbsp;\n</p>\n<p style=\"text-indent:17.95pt;\">\n	<span></span>\n</p>\n<p style=\"text-indent:17.95pt;\">\n	<span style=\"font-family:宋体;\">在家庭理财规划中，社会养老保险和医疗保险是打地基，商业保险是添砖加瓦，而投资就像是精装修，尤其对于中年女性来讲，养老和医疗保险问题将会影响到未来的生活品质，因此，建议吴女士尽快办理医保社保。</span> \n</p>\n<p style=\"text-indent:17.95pt;\">\n	<span style=\"font-family:宋体;\"></span>&nbsp;\n</p>\n<p style=\"text-indent:17.95pt;\">\n	<span></span>\n</p>\n<p style=\"text-indent:17.95pt;\">\n	<span style=\"font-family:宋体;\">如果个人办理“五险一金”，那么其中的失业险、生育险、工伤险就不存在了，因为这三项都是由单位来承担的（包括公积金），同时像失业、生育、工伤也只有企业的员工才享有这三项待遇。因此，吴女士只有“二险”需要自己来办理，也就是我们通常所说的按“灵活再就业人员”进行参保，这“二险”就是“社会养老保险”和“社会医疗保险”。</span> \n</p>\n<p style=\"text-indent:17.95pt;\">\n	<span style=\"font-family:宋体;\"></span>&nbsp;\n</p>\n<p style=\"text-indent:17.95pt;\">\n	<span></span>\n</p>\n<p style=\"text-indent:17.95pt;\">\n	<span style=\"font-family:宋体;\">由于每年在</span><span>7</span><span style=\"font-family:宋体;\">月</span><span>1</span><span style=\"font-family:宋体;\">日以后，社会养老保险和医疗保险的缴存基数将根据上一年社会平均工资进行调整，那么，落实到个人，简单地讲，就是个人所缴纳的保险费将会有所增加。因此建议吴女士尽快办理这两项保险。对于灵活就业人员，可以根据自己的实际经济状况选择缴纳比例。　</span> \n</p>\n<p style=\"text-indent:17.95pt;\">\n	<span style=\"font-family:宋体;\"></span>&nbsp;\n</p>\n<p style=\"text-indent:17.95pt;\">\n	<span></span>\n</p>\n<p style=\"text-indent:17.95pt;\">\n	<span style=\"font-family:宋体;\">作为个人缴纳社会医疗保险，也有两种比例可供选择。如果吴女士是从</span><span>2006</span><span style=\"font-family:宋体;\">年</span><span>5</span><span style=\"font-family:宋体;\">月下岗的，需要先补足</span><span>4</span><span style=\"font-family:宋体;\">年（</span><span>48</span><span style=\"font-family:宋体;\">个月）的医保费，如果到了今年的</span><span>7</span><span style=\"font-family:宋体;\">月</span><span>1</span><span style=\"font-family:宋体;\">日以后再进行补缴，那么补缴的</span><span>4</span><span style=\"font-family:宋体;\">年</span> <span style=\"font-family:宋体;\">（</span><span>48</span><span style=\"font-family:宋体;\">个月）医保费也将按上调后的标准进行补缴。由此可见，在</span><span>7</span><span style=\"font-family:宋体;\">月</span><span>1</span><span style=\"font-family:宋体;\">日前做好社会保险是个关键的时间点。</span> \n</p>\n<p style=\"text-indent:17.95pt;\">\n	<span style=\"font-family:宋体;\"></span>&nbsp;\n</p>\n<p style=\"text-indent:17.95pt;\">\n	<span></span>\n</p>\n<p style=\"text-indent:17.95pt;\">\n	<span style=\"font-family:宋体;\">另外，每年社保也会有不同的政策出台，多多关注相关内容，将会充分享有社保带来的福利。</span> \n</p>', '华中派遣网', 'http://www.rcpq.cn/', '', '华中人才派遣,社保,养老保险,医疗保险,五险一金', '8', 'post_cover/派遣法01.jpg', '1410854953', '0', 'Y', '0', '1410854900', '1');
INSERT INTO `t_pq_post` VALUES ('48', '1', '', '佚名', '华中人才派遣案例（六）--试用派遣', '3', '武汉市某金融投资公司有若干个比较重要的岗位需要招聘。如采用常规的招聘和用工方式，试用风险较大。所以该公司希望有一种新的用工方式能提供较长的考察时间，并减少招聘风险。解决方案：在华中人才的建议下，该公司采用了试用派遣方式用工。即员工与华中人才签定一年劳动合同，被派遣到该公司试用工作。经过数月考察，其中有两名员工确实适合岗位要求，目前该公司已通过“人才转让”将其转为正式员工。\n\n\n\n', '', null, '人才派遣 华中人才招聘 华中人才派遣 武汉招聘 试用派遣', '<p style=\"text-indent:17.95pt;\">\n	<span></span>\n</p>\n<p style=\"text-indent:17.95pt;\">\n	<span style=\"font-family:宋体;\">案例背景：武汉市某金融投资公司有若干个比较重要的岗位需要招聘。如采用常规的招聘和用工方式，试用风险较大。所以该公司希望有一种新的用工方式能提供较长的考察时间，并减少招聘风险。</span> \n</p>\n<p style=\"text-indent:17.95pt;\">\n	&nbsp;\n</p>\n<p style=\"text-indent:17.95pt;\">\n	<span style=\"font-family:宋体;\"></span>\n</p>\n<p style=\"text-indent:17.95pt;\">\n	<span></span>\n</p>\n<p style=\"text-indent:17.95pt;\">\n	<span style=\"font-family:宋体;\">解决方案：在<a href=\"http://www.111job.cn\">华中人才</a>的建议下，该公司采用了试用派遣方式用工。即员工与<a href=\"http://www.111job.cn\">华中人才</a>签定一年劳动合同，被派遣到该公司试用工作。经过数月考察，其中有两名员工确实适合岗位要求，目前该公司已通过“人才转让”将其转为正式员工。</span> \n</p>\n<p style=\"text-indent:17.95pt;\">\n	&nbsp;\n</p>\n<p style=\"text-indent:17.95pt;\">\n	<span style=\"font-family:宋体;\"></span>\n</p>\n<p style=\"text-indent:17.95pt;\">\n	<span></span>\n</p>\n<p style=\"text-indent:17.95pt;\">\n	<span style=\"font-family:宋体;\">实施效果：</span> \n</p>\n<p style=\"text-indent:17.95pt;\">\n	&nbsp;\n</p>\n<p style=\"text-indent:17.95pt;\">\n	<span style=\"font-family:宋体;\"></span>\n</p>\n<p style=\"text-indent:17.95pt;\">\n	<span></span>\n</p>\n<p style=\"text-indent:17.95pt;\">\n	<span>1.</span><span style=\"font-family:宋体;\">该公司以较低的招聘成本，享受到猎头式的人才寻访与甄选服务，有效提高了招聘成功率。</span> \n</p>\n<p style=\"text-indent:17.95pt;\">\n	&nbsp;\n</p>\n<p style=\"text-indent:17.95pt;\">\n	<span style=\"font-family:宋体;\"></span>\n</p>\n<p style=\"text-indent:17.95pt;\">\n	<span></span>\n</p>\n<p style=\"text-indent:17.95pt;\">\n	<span>2.</span><span style=\"font-family:宋体;\">通过试用派遣间接将风险成本、管理成本转移，并获得了<a href=\"http://www.111job.cn\">华中人才</a>提供的专业服务。</span> \n</p>\n<p style=\"text-indent:17.95pt;\">\n	&nbsp;\n</p>\n<p style=\"text-indent:17.95pt;\">\n	<span style=\"font-family:宋体;\"></span>\n</p>\n<p style=\"text-indent:17.95pt;\">\n	<span></span>\n</p>\n<p style=\"text-indent:17.95pt;\">\n	<span>3.</span><span style=\"font-family:宋体;\">对派遣员工和正式员工均起到极大的激励作用。</span> \n</p>\n<p style=\"text-indent:17.95pt;\">\n	&nbsp;\n</p>\n<p style=\"text-indent:17.95pt;\">\n	<span style=\"font-family:宋体;\"></span>\n</p>\n<p style=\"text-indent:17.95pt;\">\n	<span></span>\n</p>\n<p style=\"text-indent:17.95pt;\">\n	<span>4.</span><span style=\"font-family:宋体;\">进一步避免了面试和测评产生的误差风险，使用人单位在准确选才方面更具保障。</span> \n</p>\n<p style=\"text-indent:17.95pt;\">\n	<span style=\"font-family:宋体;\"></span>\n</p>\n<p style=\"text-indent:17.95pt;\">\n	<span style=\"font-family:宋体;\"></span>\n</p>', '华中派遣网', 'http://www.rcpq.cn/', '', '人才派遣,华中人才招聘,华中人才派遣,武汉招聘,试用派遣', '25', 'post_cover/派遣案例6.jpg', '1410851699', '0', 'Y', '0', '1410835050', '1');
INSERT INTO `t_pq_post` VALUES ('55', '1', '', '佚名', '关于调整失业保险待遇标准的通知', '5', '根据省人民政府《关于调整全省最低工资标准的通知》（鄂政发〔2013〕37号）文件精神，决定从2013年9月1日起武汉市中心城区最低工资标准调整为1300元，远城区最低工资标准调整为1020元。按照《湖北省失业保险实施办法》、《湖北省人民政府关于进一步加强就业再就业工作的通知》、《武汉市人民政府关于进一步加强就业再就业工作的通知》等文件规定，失业人员的失业保险待遇相应予以调整。\n\n', '', null, '社会保险 失业保险', '&nbsp;\n<p style=\"text-indent:17.95pt;\">\n	<span style=\"font-family:宋体;\">各区人力资源（社会保障）局、各区财政局，各社会保险经办机构：</span> \n</p>\n<p style=\"text-indent:17.95pt;\">\n	<span style=\"font-family:宋体;\"></span>&nbsp;\n</p>\n<p style=\"text-indent:17.95pt;\">\n	<span></span>\n</p>\n<p style=\"text-indent:17.95pt;\">\n	<span style=\"font-family:宋体;\">根据省人民政府《关于调整全省最低工资标准的通知》（鄂政发〔</span><span>2013</span><span style=\"font-family:宋体;\">〕</span><span>37</span><span style=\"font-family:宋体;\">号）文件精神，决定从</span><span>2013</span><span style=\"font-family:宋体;\">年</span><span>9</span><span style=\"font-family:宋体;\">月</span><span>1</span><span style=\"font-family:宋体;\">日起武汉市中心城区最低工资标准调整为</span><span>1300</span><span style=\"font-family:宋体;\">元，远城区最低工资标准调整为</span><span>1020</span><span style=\"font-family:宋体;\">元。按照《湖北省失业保险实施办法》、《湖北省人民政府关于进一步加强就业再就业工作的通知》、《武汉市人民政府关于进一步加强就业再就业工作的通知》等文件规定，失业人员的失业保险待遇相应予以调整。</span> \n</p>\n<p style=\"text-indent:17.95pt;\">\n	<span style=\"font-family:宋体;\"></span>&nbsp;\n</p>\n<p style=\"text-indent:17.95pt;\">\n	<span></span>\n</p>\n<p style=\"text-indent:17.95pt;\">\n	<span style=\"font-family:宋体;\">经研究并报市人民政府同意，我市中心城区（含武汉经济技术开发区、东湖高新技术开发区）自</span><span>2013</span><span style=\"font-family:宋体;\">年</span><span>9</span><span style=\"font-family:宋体;\">月</span><span>1</span><span style=\"font-family:宋体;\">日起，失业人员失业保险金标准调整为</span><span>910</span><span style=\"font-family:宋体;\">元</span><span>/</span><span style=\"font-family:宋体;\">月。</span> \n</p>\n<p style=\"text-indent:17.95pt;\">\n	<span style=\"font-family:宋体;\"></span>&nbsp;\n</p>\n<p style=\"text-indent:17.95pt;\">\n	<span></span>\n</p>\n<p style=\"text-indent:17.95pt;\">\n	<span style=\"font-family:宋体;\">东西湖、汉南、蔡甸、江夏、黄陂、新洲区失业保险金标准调整为</span><span>714</span><span style=\"font-family:宋体;\">元</span><span>/</span><span style=\"font-family:宋体;\">月。</span> \n</p>', '华中派遣网', 'http://www.rcpq.cn', '', '社会保险,失业保险', '52', 'post_cover/派遣法04.jpg', '1410856684', '0', 'Y', '0', '1410856684', '1');
INSERT INTO `t_pq_post` VALUES ('35', '1', '', '佚名', '华中人才派遣服务方式', '2', '完全派遣：用工企业提出招聘要求，华中人才负责人员招聘、录用，将人才派遣到用工企业，全面处理派遣人员的相关人事事务。\n\n \n\n转移派遣：用工企业自行招聘，将符合要求的人员交给华中人才办理录用手续，华中人才将人才派遣到用工企业；或者是用工企业将自己的员工转移到华中人才，将雇主身份由企业改变为华中人才，以达到减少固定雇员，增强用工灵活性的目的。\n\n', '', null, '人才派遣 华中人才派遣 完全派遣 转移派遣 试用派遣 项目派遣 假日派遣', '&nbsp;\n<p style=\"text-indent:17.95pt;\">\n	<span></span>\n</p>\n<p style=\"text-indent:17.95pt;\">\n	<span style=\"font-family:宋体;\">完全派遣：用工企业提出招聘要求，<a href=\"http://www.111job.cn/\">华中人才</a>负责人员招聘、录用，将<a href=\"http://paiqian.111job.cn\">人才派遣</a>到用工企业，全面处理派遣人员的相关人事事务。</span> \n</p>\n<p style=\"text-indent:17.95pt;\">\n	<span style=\"font-family:宋体;\"></span>&nbsp;\n</p>\n<p style=\"text-indent:17.95pt;\">\n	<span style=\"font-family:宋体;\">转移派遣：用工企业自行招聘，将符合要求的人员交给<a href=\"http://www.111job.cn/\">华中人才</a>办理录用手续，<a href=\"http://www.111job.cn/\">华中人才</a>将<a href=\"http://paiqian.111job.cn\">人才派遣</a>到用工企业；或者是用工企业将自己的员工转移到<a href=\"http://www.111job.cn/\">华中人才</a>，将雇主身份由企业改变为<a href=\"http://www.111job.cn/\">华中人才</a>，以达到减少固定雇员，增强用工灵活性的目的。</span> \n</p>\n<p style=\"text-indent:17.95pt;\">\n	<span style=\"font-family:宋体;\"></span>&nbsp;\n</p>\n<p style=\"text-indent:17.95pt;\">\n	<span></span>\n</p>\n<p style=\"text-indent:17.95pt;\">\n	<span style=\"font-family:宋体;\">试用派遣：用工企业自行招聘或通过<a href=\"http://www.111job.cn/\">华中人才</a>招聘新员工，试用期内的人员编制属于<a href=\"http://www.111job.cn/\">华中人才</a>，由<a href=\"http://www.111job.cn/\">华中人才</a>将该部分员工派遣到用工企业工作，试用期后对于符合用工要求的人员可以将其编制转移到用工企业。</span> \n</p>\n<p style=\"text-indent:17.95pt;\">\n	<span style=\"font-family:宋体;\"></span>&nbsp;\n</p>\n<p style=\"text-indent:17.95pt;\">\n	<span></span>\n</p>\n<p style=\"text-indent:17.95pt;\">\n	<span style=\"font-family:宋体;\">项目派遣：指以完成某个项目为目的的<a href=\"http://paiqian.111job.cn\">人才派遣</a>。根据企业的需求，以项目运作的方式派遣专业人士为企业提供阶段性的项目服务，项目完成后，派遣便告结束。</span> \n</p>\n<p style=\"text-indent:17.95pt;\">\n	<span style=\"font-family:宋体;\"></span>&nbsp;\n</p>\n<p style=\"text-indent:17.95pt;\">\n	<span></span>\n</p>\n<p style=\"text-indent:17.95pt;\">\n	<span style=\"font-family:宋体;\">假日派遣：用人单位利用社会人士在休假期间的空余时间，由<a href=\"http://www.111job.cn/\">华中人才</a>聘用后派遣到企业来完成各种工作，以达到灵活利用人力资源的目的。</span> \n</p>\n<p style=\"text-indent:17.95pt;\">\n	<span></span>\n</p>', '华中派遣网', 'http://www.rcpq.cn/', '', '人才派遣,华中人才派遣,完全派遣,转移派遣,试用派遣,项目派遣,假日派遣', '13', 'post_cover/人才派遣管理.jpg', '1411000124', '0', 'Y', '0', '1410829537', '1');
INSERT INTO `t_pq_post` VALUES ('30', '1', '', '佚名', '人才派遣的概念', '2', '华中人才公司专业的派遣业务在整个华中地区独树一帜，区别于任何其他机构一直沿用推行的传统劳务派用及人才派用，为企业和个人提供了更加有效的沟通平台，更科学、更全面的体现了当代人力资源管理理念，与国际新型用工形式密切接轨。\n\n', '', null, '人才派遣 派遣协议 华中人才派遣 华中人才公司', '<p style=\"text-indent:17.95pt;\" align=\"center\">\n	<span style=\"font-family:宋体;\"><img alt=\"\" src=\"/uploads/013.jpg\" /></span> \n</p>\n<p style=\"text-indent:17.95pt;\">\n	<span style=\"font-family:宋体;\"><a href=\"http://paiqian.111job.cn\">人才派遣</a>是企业一种全新的用工模式，<a href=\"http://paiqian.111job.cn\">人才派遣</a>业务的主要内容是：由<a href=\"www.111job.cn\"><a href=\"http://www.111job.cn/\">华中人才</a></a>公司作为员工的法定雇主，员工的所有权属于<a href=\"www.111job.cn\"><a href=\"http://www.111job.cn/\">华中人才</a></a>公司。用人单位根据工作需要，直接向<a href=\"www.111job.cn\"><a href=\"http://www.111job.cn/\">华中人才</a></a>公司提出用人需求，<a href=\"www.111job.cn\"><a href=\"http://www.111job.cn/\">华中人才</a></a>公司与实际用人单位之间签订相关<a href=\"http://paiqian.111job.cn\">人才派遣</a>协议，给用人单位提供合适的人员，<a href=\"www.111job.cn\"><a href=\"http://www.111job.cn/\">华中人才</a></a>公司与所提供人员之间签订劳动合同，确定劳资隶属关系，派遣到实际用人单位去工作。<a href=\"www.111job.cn\"><a href=\"http://www.111job.cn/\">华中人才</a></a>公司对被派遣人员实施日常管理，其中包含；甄选录用、人事异动、档案管理、薪酬发放、保险缴纳、离职解聘等，实际用人单位对派遣人员实施工作管理。三方之间主要通过<a href=\"www.111job.cn\"><a href=\"http://www.111job.cn/\">华中人才</a></a>公司与实际用人单位之间签订的<a href=\"http://paiqian.111job.cn\">人才派遣</a>协议，以及<a href=\"www.111job.cn\"><a href=\"http://www.111job.cn/\">华中人才</a></a>公司与派遣人员之间签订的劳动合同来规范三方在合同期限内的权利和义务。</span> \n</p>\n<p style=\"text-indent:17.95pt;\">\n	<span></span>\n</p>\n<p style=\"text-indent:17.95pt;\">\n	<span style=\"font-family:宋体;\"><a href=\"www.111job.cn\"><a href=\"http://www.111job.cn/\">华中人才</a></a>公司专业的派遣业务在整个华中地区独树一帜，区别于任何其他机构一直沿用推行的传统劳务派用及人才派用，为企业和个人提供了更加有效的沟通平台，更科学、更全面的体现了当代人力资源管理理念，与国际新型用工形式密切接轨。</span> \n</p>\n<p style=\"text-indent:17.95pt;\" align=\"center\">\n	<span style=\"font-family:宋体;\"></span>\n</p>\n<p align=\"center\">\n	<img alt=\"\" src=\"/uploads/021.jpg\" /> \n</p>\n<p style=\"text-indent:17.95pt;\">\n	<span style=\"font-family:宋体;\"></span>\n</p>', '华中派遣网', 'http://www.rcpq.cn/', '', '人才派遣,派遣协议,华中人才派遣', '10', 'post_cover/013.jpg', '1411000542', '0', 'Y', '0', '1410741895', '1');
INSERT INTO `t_pq_post` VALUES ('34', '1', '', '佚名', '人才派遣的性质特点', '1', '人才的法定所有权与经济所有权的分离，是人才派遣的本质特点。“不求所有，但求所用”的用人理念是人才派遣的一个显著特点。人才的使用与管理相分离。实行人才派遣制，用人单位只负责对人才的使用和考核，不与人才本人发生任何隶属关系。人才派遣的基本结构是由三方当事人和两份契约合同组成。', '', null, '人才派遣 华中人才派遣 劳动合同', '&nbsp;\n<p style=\"text-indent:17.85pt;\">\n	<span></span>\n</p>\n<p style=\"text-indent:17.95pt;\">\n	<span style=\"font-family:宋体;\">一、人才的法定所有权与经济所有权的分离，是人才派遣的本质特点。人才派遣是以契约合同为基础，在派遣过程中，人才经济所有权的使用权和收益权发生了转移，但法定的所有权不发生转移。人才权能的分离和流转，形成了灵活的用人机制。</span> \n</p>\n<p style=\"text-indent:17.95pt;\">\n	<span style=\"font-family:宋体;\"></span>&nbsp;\n</p>\n<p style=\"text-indent:17.95pt;\">\n	<span></span>\n</p>\n<p style=\"text-indent:17.95pt;\">\n	<span style=\"font-family:宋体;\">二、“不求所有，但求所用”的用人理念是人才派遣的一个显著特点。在计划经济体制下，人才归单位所有，人才能进不能出，人才闲置浪费现象严重。在市场经济长期条件下，市场运行客观要求人才资源优化配置，合理利用。一些单位在发展过程中需要使用人才，但由于种种原因又不愿养着人才。实行人才派遣制，人才在不迁户口、不改变与原单位人事关系的情况下，可以为用人单位所用，使用人单位在人才使用上实现了“不求所有，但求所用。”</span> \n</p>\n<p style=\"text-indent:17.95pt;\">\n	<span style=\"font-family:宋体;\"></span>&nbsp;\n</p>\n<p style=\"text-indent:17.95pt;\">\n	<span></span>\n</p>\n<p style=\"text-indent:17.95pt;\">\n	<span style=\"font-family:宋体;\">三、人才的使用与管理相分离。实行人才派遣制，用人单位只负责对人才的使用和考核，不与人才本人发生任何隶属关系。</span> \n</p>\n<p style=\"text-indent:17.95pt;\">\n	<span style=\"font-family:宋体;\"></span>&nbsp;\n</p>\n<p style=\"text-indent:17.95pt;\">\n	<span></span>\n</p>\n<p style=\"text-indent:17.95pt;\">\n	<span style=\"font-family:宋体;\">四、人才派遣的基本结构是由三方当事人和两份契约合同组成。三方当事人是：用人单位、华中人才、派遣人员。两份契约合同是：一是用人单位与华中人才签定的人才派遣协议；二是派遣人员与华中人才签定的劳动合同。</span> \n</p>', '华中派遣网', 'http://www.rcpq.cn/', '', '人才派遣,华中人才派遣,劳动合同', '3', 'post_cover/人才派遣.jpg', '1410829227', '0', 'Y', '0', '1410828918', '1');
INSERT INTO `t_pq_post` VALUES ('31', '1', '', '佚名', '人才派遣的起源', '2', '随着全球市场竞争加强，越来越多的组织意识到要在一个动态的市场条件下成为一个胜利者，必须要有配套的柔性流动人才队伍以快速、有效地回应环境的变化。高额的成本问题和迟钝的响应速度不能使组织成为竞争中的胜利者，这就加剧了对人才派遣业发展的要求。近年来，由于全球经济不景气，用人单位为了节省在人才招聘培训和管理等方面的人事成本，在欧美、日本等发达国家和我国台湾省普遍把人才资源商品化，人才派遣逐渐流行起来。', '', null, '人才派遣 华中人才派遣 劳务派遣', '<p style=\"text-indent:17.85pt;\">\n	<span style=\"font-family:宋体;\"></span> \n</p>\n<p style=\"text-indent:17.85pt;\">\n	<span style=\"font-family:宋体;\"><a href=\"http://paiqian.111job.cn\">人才派遣</a>（</span><span>Temp <span></span>service</span><span style=\"font-family:宋体;\">），上世纪</span><span>70</span><span style=\"font-family:宋体;\">年代起源于欧美发达国家，据资料介绍，美国在</span><span>1971</span><span style=\"font-family:宋体;\">年就颁布了《<a href=\"http://paiqian.111job.cn\">人才派遣</a>业的法律》，日本政府也于</span><span>1985</span><span style=\"font-family:宋体;\">年发布了《<a href=\"http://paiqian.111job.cn\">人才派遣</a>法》，用法律来定义和规范派遣行为。</span> \n</p>\n<p style=\"text-indent:17.85pt;\">\n	<br />\n</p>\n<p style=\"text-indent:17.85pt;\">\n	<span></span> \n</p>\n<p style=\"text-indent:17.85pt;\">\n	<span style=\"font-family:宋体;\">随着全球市场竞争加强，越来越多的组织意识到要在一个动态的市场条件下成为一个胜利者，必须要有配套的柔性流动人才队伍以快速、有效地回应环境的变化。高额的成本问题和迟钝的响应速度不能使组织成为竞争中的胜利者，这就加剧了对<a href=\"http://paiqian.111job.cn\">人才派遣</a>业发展的要求。近年来，由于全球经济不景气，用人单位为了节省在人才招聘培训和管理等方面的人事成本，在欧美、日本等发达国家和我国台湾省普遍把人才资源商品化，<a href=\"http://paiqian.111job.cn\">人才派遣</a>逐渐流行起来。</span> \n</p>\n<p style=\"text-indent:17.85pt;\">\n	<br />\n</p>\n<p style=\"text-indent:17.85pt;\">\n	<span></span> \n</p>\n<p style=\"text-indent:17.85pt;\">\n	<span style=\"font-family:宋体;\">当前欧美地区业务占全球的</span><span>80%</span><span style=\"font-family:宋体;\">以上，比、法、卢、荷、英及美国都已是非常成熟的市场；</span><span>6</span><span style=\"font-family:宋体;\">年前亚洲市场开始接受这一用人观念，在马、菲和香港地区成长迅速，日本则更早在上世纪九十年代初就已启动并成熟运作。半个世纪过去了，据说美国的<a href=\"http://paiqian.111job.cn/\">派遣员工</a>已占到总就业人口的</span><span>50%</span><span style=\"font-family:宋体;\">，西欧则超过</span><span>30%</span><span style=\"font-family:宋体;\">，日本也达到了总就业人口的五分之一。</span> \n</p>\n<p style=\"text-indent:17.85pt;\">\n	<br />\n</p>\n<p style=\"text-indent:17.85pt;\">\n	<span></span> \n</p>\n<p style=\"text-indent:17.85pt;\">\n	<span style=\"font-family:宋体;\">在国内，至</span><span>20</span><span style=\"font-family:宋体;\">世纪</span><span>90</span><span style=\"font-family:宋体;\">年代中期广州大批劳动力直接进入市场，荔湾区劳动保障部门为解决失业人员就业问题，设立专门机构承担“<a href=\"http://paiqian.111job.cn/\">劳务派遣</a>”的角色，挖掘就业岗位，组织失业人员<a href=\"http://paiqian.111job.cn/\">劳务派遣</a>队，架起了派遣双方的桥梁。如今，<a href=\"http://paiqian.111job.cn\">人才派遣</a>作为一种新型人才资源配置模式，已在全国各大中城市陆续登场。作为一种新的用人形式，政府的引导尤为关键，这是<a href=\"http://paiqian.111job.cn\">人才派遣</a>健康、快速发展的催化剂。</span> \n</p>', '华中派遣网', 'http://www.rcpq.cn/', '', '人才派遣,华中人才派遣,劳务派遣', '18', 'post_cover/劳务派遣.jpg', '1411196196', '0', 'Y', '0', '1410745836', '1');
INSERT INTO `t_pq_post` VALUES ('36', '1', '', '佚名', '华中人才派遣案例（一）--完全派遣', '3', '通过相关渠道了解到华中人才的人才派遣业务，该公司通过与其它人才派遣机构的比较，最终在选择与华中人才签定《人才派遣协议》，通过华中人才实施完全派遣，派遣员工500余人，很好的解决了企业的问题。\n', '', null, '人才派遣 华中人才派遣 派遣员工 完全派遣', '&nbsp;\n<p style=\"text-indent:17.95pt;\">\n	<span></span>\n</p>\n<p style=\"text-indent:17.95pt;\">\n	<span style=\"font-family:宋体;\">案例背景：武汉市某制造生产企业及其销售公司是某世界</span><span>500</span><span style=\"font-family:宋体;\">强集团在汉子公司，该公司由于受人员编制限制，加上人员流动频繁，对生产和销售人员的迫切要求成了阻碍企业发展的瓶颈，该公司总部领导急切希望能解决此现状。</span> \n</p>\n<p style=\"text-indent:17.95pt;\">\n	<span style=\"font-family:宋体;\"></span>&nbsp;\n</p>\n<p style=\"text-indent:17.95pt;\">\n	<span></span>\n</p>\n<p style=\"text-indent:17.95pt;\">\n	<span style=\"font-family:宋体;\">解决方案：通过相关渠道了解到<a href=\"http://www.111job.cn\">华中人才</a>的<a href=\"http://paiqian.111job.cn\">人才派遣</a>业务，该公司通过与其它<a href=\"http://paiqian.111job.cn\">人才派遣</a>机构的比较，最终在选择与<a href=\"http://www.111job.cn\">华中人才</a>签定《<a href=\"http://paiqian.111job.cn\">人才派遣</a>协议》，通过<a href=\"http://www.111job.cn\">华中人才</a>实施完全派遣，派遣员工</span><span>500</span><span style=\"font-family:宋体;\">余人，很好的解决了企业的问题。</span> \n</p>\n<p style=\"text-indent:17.95pt;\">\n	<span style=\"font-family:宋体;\"></span>&nbsp;\n</p>\n<p style=\"text-indent:17.95pt;\">\n	<span></span>\n</p>\n<p style=\"text-indent:17.95pt;\">\n	<span style=\"font-family:宋体;\">实施效果：</span> \n</p>\n<p style=\"text-indent:17.95pt;\">\n	<span style=\"font-family:宋体;\"></span>&nbsp;\n</p>\n<p style=\"text-indent:17.95pt;\">\n	<span></span>\n</p>\n<p style=\"text-indent:17.95pt;\">\n	<span>1.</span><span style=\"font-family:宋体;\">通过实施<a href=\"http://paiqian.111job.cn\">人才派遣</a>，突破了人员编制的限制。</span> \n</p>\n<p style=\"text-indent:17.95pt;\">\n	<span style=\"font-family:宋体;\"></span>&nbsp;\n</p>\n<p style=\"text-indent:17.95pt;\">\n	<span></span>\n</p>\n<p style=\"text-indent:17.95pt;\">\n	<span>2.</span><span style=\"font-family:宋体;\">借助<a href=\"http://www.111job.cn\">华中人才</a>多方位的人才招募平台，有效解决了企业用工数量庞大，招募工作繁杂的问题。</span> \n</p>\n<p style=\"text-indent:17.95pt;\">\n	<span style=\"font-family:宋体;\"></span>&nbsp;\n</p>\n<p style=\"text-indent:17.95pt;\">\n	<span style=\"font-family:宋体;\"></span>&nbsp;\n</p>', '华中派遣网', 'http://www.rcpq.cn/', '', '人才派遣,华中人才派遣,派遣员工,完全派遣', '13', 'post_cover/派遣案例1.jpg', '1410852044', '0', 'Y', '0', '1410830123', '1');
INSERT INTO `t_pq_post` VALUES ('39', '1', '', '佚名', '华中人才派遣案例（二）--完全派遣', '3', '该企业引入了华中人才的人才派遣的用人机制，通过华中人才实施完全派遣，派遣员工1000多人。\n华中人才作为通过高效的招募手段，源源不断的为企业注入新的人才，满足企业运作需求。\n', '', null, '人才派遣 华中人才派遣 派遣员工 完全派遣', '&nbsp;\n<p style=\"text-indent:17.95pt;\">\n	<span></span>\n</p>\n<p style=\"text-indent:17.95pt;\">\n	<span style=\"font-family:宋体;\">案例背景：武汉某大型国有企业，员工万人以上，日常的人事劳资事务性工作；员工解聘退工时的纷繁纠缠；日益严重的人员沉淀以及为这些沉淀人员支付的庞大开支；来自员工和领导两个方面的不满。</span> \n</p>\n<p style=\"text-indent:17.95pt;\">\n	<span style=\"font-family:宋体;\"></span>&nbsp;\n</p>\n<p style=\"text-indent:17.95pt;\">\n	<span></span>\n</p>\n<p style=\"text-indent:17.95pt;\">\n	<span style=\"font-family:宋体;\">解决方案：该企业引入了<a href=\"http://www.111job.cn\">华中人才</a>的<a href=\"http://paiqian.111job.cn\">人才派遣</a>的用人机制，通过<a href=\"http://www.111job.cn\">华中人才</a>实施完全派遣，派遣员工</span><span>1000</span><span style=\"font-family:宋体;\">多人。</span> \n</p>\n<p style=\"text-indent:17.95pt;\">\n	<span style=\"font-family:宋体;\"></span>&nbsp;\n</p>\n<p style=\"text-indent:17.95pt;\">\n	<span></span>\n</p>\n<p style=\"text-indent:17.95pt;\">\n	<span style=\"font-family:宋体;\">实施效果：</span> \n</p>\n<p style=\"text-indent:17.95pt;\">\n	<span></span>\n</p>\n<p style=\"text-indent:17.95pt;\">\n	<span>1.</span><span style=\"font-family:宋体;\"><a href=\"http://www.111job.cn\">华中人才</a>作为通过高效的招募手段，源源不断的为企业注入新的人才，满足企业运作需求。</span> \n</p>\n<p style=\"text-indent:17.95pt;\">\n	<span style=\"font-family:宋体;\"></span>&nbsp;\n</p>\n<p style=\"text-indent:17.95pt;\">\n	<span></span>\n</p>\n<p style=\"text-indent:17.95pt;\">\n	<span>2.</span><span style=\"font-family:宋体;\">派遣队伍与主体队伍的并存，无形中形成鲇鱼效应，对优秀派遣人员可纳编管理，使激励达到事半功倍。</span> \n</p>\n<p style=\"text-indent:17.95pt;\">\n	<span style=\"font-family:宋体;\"></span>&nbsp;\n</p>\n<p style=\"text-indent:17.95pt;\">\n	<span></span>\n</p>\n<p style=\"text-indent:17.95pt;\">\n	<span>3.</span><span style=\"font-family:宋体;\">企业人力资源负责人称<a href=\"http://www.111job.cn\">华中人才</a>的<a href=\"http://paiqian.111job.cn\">人才派遣</a>的方式不仅解决了企业人力资源事务性工作的专业服务问题，同时增强了员工的紧迫感和学习的主动性。更重要的是人浮于事的现象基本得到了控制，员工非常珍惜自己的职业前景，企业员工队伍焕发出了新的活力。</span> \n</p>\n<p style=\"text-indent:17.95pt;\">\n	<span></span>\n</p>', '华中派遣网', 'http://www.rcpq.cn/', '', '人才派遣,华中人才派遣,派遣员工,完全派遣', '12', 'post_cover/派遣案例2.jpg', '1410852031', '0', 'Y', '0', '1410830885', '1');
INSERT INTO `t_pq_post` VALUES ('43', '1', '', '佚名', '华中人才派遣案例（四）--转移派遣', '3', '武汉某制造企业生产操作工人多达数千人，用工风险大，事务性工作多，为降低人力资源部的用工风险和减少事务性工作，该企业决定采用人才派遣方式。\n\n\n\n\n实施效果：经过多次甄别与比较，该企业最终选择华中人才的人才派遣业务，将大部分操作工人劳动关系全部转移给华中人才，由华中人才全面负责派遣人员的招募、合同、薪酬、社保、工伤、劳资纠纷等各类人事事务。\n\n', '', null, '人才派遣 华中人才派遣 派遣员工 劳动合同 劳资纠纷', '&nbsp;\n<p style=\"text-indent:17.95pt;\">\n	<span></span>\n</p>\n<p style=\"text-indent:17.95pt;\">\n	<span style=\"font-family:宋体;\">案例背景：武汉某制造企业生产操作工人多达数千人，用工风险大，事务性工作多，为降低人力资源部的用工风险和减少事务性工作，该企业决定采用<a href=\"http://paiqian.111job.cn\">人才派遣</a>方式。</span> \n</p>\n<p style=\"text-indent:17.95pt;\">\n	<span style=\"font-family:宋体;\"></span>&nbsp;\n</p>\n<p style=\"text-indent:17.95pt;\">\n	<span></span>\n</p>\n<p style=\"text-indent:17.95pt;\">\n	<span style=\"font-family:宋体;\">实施效果：经过多次甄别与比较，该企业最终选择<a href=\"http://www.111job.cn\">华中人才</a>的<a href=\"http://paiqian.111job.cn\">人才派遣</a>业务，将大部分操作工人劳动关系全部转移给<a href=\"http://www.111job.cn\">华中人才</a>，由<a href=\"http://www.111job.cn\">华中人才</a>全面负责派遣人员的招募、合同、薪酬、社保、工伤、劳资纠纷等各类人事事务。</span> \n</p>\n<p style=\"text-indent:17.95pt;\">\n	<span style=\"font-family:宋体;\"></span>&nbsp;\n</p>\n<p style=\"text-indent:17.95pt;\">\n	<span></span>\n</p>\n<p style=\"text-indent:17.95pt;\">\n	<span style=\"font-family:宋体;\">实施效果：</span> \n</p>\n<p style=\"text-indent:17.95pt;\">\n	<span style=\"font-family:宋体;\"></span>&nbsp;\n</p>\n<p style=\"text-indent:17.95pt;\">\n	<span></span>\n</p>\n<p style=\"text-indent:17.95pt;\">\n	<span>1.</span><span style=\"font-family:宋体;\">通过<a href=\"http://www.111job.cn\">华中人才</a>与派遣员工之间签定《劳动合同》，使用人单位与派遣人员之间并不存在劳动关系，降低了用工风险。</span> \n</p>\n<p style=\"text-indent:17.95pt;\">\n	<span style=\"font-family:宋体;\"></span>&nbsp;\n</p>\n<p style=\"text-indent:17.95pt;\">\n	<span></span>\n</p>\n<p style=\"text-indent:17.95pt;\">\n	<span>2.</span><span style=\"font-family:宋体;\">通过<a href=\"http://paiqian.111job.cn\">人才派遣</a>，用工过程中产生的工伤事故、劳资纠纷全部由<a href=\"http://www.111job.cn\">华中人才</a>负责处理。</span> \n</p>\n<p style=\"text-indent:17.95pt;\">\n	<span style=\"font-family:宋体;\"></span>&nbsp;\n</p>\n<p style=\"text-indent:17.95pt;\">\n	<span></span>\n</p>\n<p style=\"text-indent:17.95pt;\">\n	<span>3.</span><span style=\"font-family:宋体;\">人力资源事务性工作具有人力资源专业水准的<a href=\"http://www.111job.cn\">华中人才</a>包办，企业人力资源工作可以往战略性方向转移。</span> \n</p>\n<p style=\"text-indent:17.95pt;\">\n	<span></span>\n</p>\n<p style=\"text-indent:17.95pt;\">\n	<span></span>\n</p>\n<p style=\"text-indent:17.95pt;\">\n	<span></span>\n</p>', '华中派遣网', 'http://www.rcpq.cn/', '', '人才派遣,华中人才派遣,派遣员工,劳动合同,劳资纠纷', '5', 'post_cover/派遣案例4.jpg', '1410851953', '0', 'Y', '0', '1410832929', '1');
INSERT INTO `t_pq_post` VALUES ('42', '1', '', '佚名', '华中人才派遣案例（三）--完全派遣', '3', '武汉市某医药公司，随着业务的不断发展，产品需要在全部各地逐步推广，公司不断开设驻外分支机构却苦于人力资源控制力的逐级递减，外埠机构员工的管理已经成为了企业发展的潜在危机。由于其在外埠没有独立法人资格，无法以本单位名义与分布在全国各地大到直辖市、省会城市，小到边远区县的员工签订劳动合同、发放工资，更无法给员工在用工当地上保险，这种松散的用工管理不仅侵害了员工利益，同时企业也是一种违法的操作方式。解决方案：经过多次沟通及对操作方案的确认，该公司与华中人才签定了《人才派遣协议》。该单位本市及外省市所有该岗位的员工全部委托华中人才以完全派遣的方式管理起来。\n\n', '', null, '人才派遣 华中人才派遣 派遣员工 劳动合同', '&nbsp;\n<p style=\"text-indent:17.95pt;\">\n	<span></span>\n</p>\n<p style=\"text-indent:17.95pt;\">\n	<span style=\"font-family:宋体;\">案例背景：武汉市某医药公司，随着业务的不断发展，产品需要在全部各地逐步推广，公司不断开设驻外分支机构却苦于人力资源控制力的逐级递减，外埠机构员工的管理已经成为了企业发展的潜在危机。由于其在外埠没有独立法人资格，无法以本单位名义与分布在全国各地大到直辖市、省会城市，小到边远区县的员工签订劳动合同、发放工资，更无法给员工在用工当地上保险，这种松散的用工管理不仅侵害了员工利益，同时企业也是一种违法的操作方式。</span> \n</p>\n<p style=\"text-indent:17.95pt;\">\n	<span style=\"font-family:宋体;\"></span>&nbsp;\n</p>\n<p style=\"text-indent:17.95pt;\">\n	<span></span>\n</p>\n<p style=\"text-indent:17.95pt;\">\n	<span style=\"font-family:宋体;\">解决方案：经过多次沟通及对操作方案的确认，该公司与<a href=\"http://www.111job.cn\">华中人才</a>签定了《<a href=\"http://paiqian.111job.cn\">人才派遣</a>协议》。该单位本市及外省市所有该岗位的员工全部委托<a href=\"http://www.111job.cn\">华中人才</a>以完全派遣的方式管理起来。</span> \n</p>\n<p style=\"text-indent:17.95pt;\">\n	<span style=\"font-family:宋体;\"></span>&nbsp;\n</p>\n<p style=\"text-indent:17.95pt;\">\n	<span></span>\n</p>\n<p style=\"text-indent:17.95pt;\">\n	<span style=\"font-family:宋体;\">实施效果：</span> \n</p>\n<p style=\"text-indent:17.95pt;\">\n	<span style=\"font-family:宋体;\"></span>&nbsp;\n</p>\n<p style=\"text-indent:17.95pt;\">\n	<span></span>\n</p>\n<p style=\"text-indent:17.95pt;\">\n	<span>1.</span><span style=\"font-family:宋体;\">通过<a href=\"http://www.111job.cn\">华中人才</a>与各地劳动机构的协议及业务运作，帮助该单位实现了用工地招聘员工的操作，工作人员都从当地人员中甄选，熟悉当地市场状况，有效地帮助该企业拓展了各分支机构的市场。</span> \n</p>\n<p style=\"text-indent:17.95pt;\">\n	<span style=\"font-family:宋体;\"></span>&nbsp;\n</p>\n<p style=\"text-indent:17.95pt;\">\n	<span></span>\n</p>\n<p style=\"text-indent:17.95pt;\">\n	<span>2.</span><span style=\"font-family:宋体;\"><a href=\"http://www.111job.cn\">华中人才</a>与派遣人员在用工地点签订合同、当地发工资，办理相关保险，这种用工方式得到员工及单位双方的认同。</span> \n</p>\n<p style=\"text-indent:17.95pt;\">\n	<span style=\"font-family:宋体;\"></span>&nbsp;\n</p>\n<p style=\"text-indent:17.95pt;\">\n	<span></span>\n</p>\n<p style=\"text-indent:17.95pt;\">\n	<span></span>\n</p>', '华中派遣网', 'http://www.rcpq.cn/', '', '人才派遣,华中人才派遣,派遣员工,劳动合同', '6', 'post_cover/派遣案例31.jpg', '1410852021', '0', 'Y', '0', '1410832768', '1');
INSERT INTO `t_pq_post` VALUES ('44', '1', '', '', '华中人才派遣案例（五）--转移派遣', '3', '武汉某保险公司部分员工连续工龄已满二十五年，在该保险公司工作时间已接近五年时间，按照国家有关政策法规，满足以上条件的员工可以提出订立无限期劳动合同，继续用工很有可能被迫与员工订立无固定期限的劳动合同，这样操作无疑非常不利于该公司的发展，并给人力资源带来巨大压力和浪费。\n\n\n\n\n解决方案：通过与华中人才签定《人才派遣协议》，将其员工的雇主关系转移于华中人才名下，此时劳动关系将重新建立，且与用人单位无关。\n\n', '', null, '人才派遣 华中人才派遣 派遣员工 劳动合同 人才派遣协议', '&nbsp;\n<p style=\"text-indent:17.95pt;\">\n	<span></span>\n</p>\n<p style=\"text-indent:17.95pt;\">\n	<span style=\"font-family:宋体;\">案例背景：武汉某保险公司部分员工连续工龄已满二十五年，在该保险公司工作时间已接近五年时间，按照国家有关政策法规，满足以上条件的员工可以提出订立无限期劳动合同，继续用工很有可能被迫与员工订立无固定期限的劳动合同，这样操作无疑非常不利于该公司的发展，并给人力资源带来巨大压力和浪费。</span> \n</p>\n<p style=\"text-indent:17.95pt;\">\n	<span style=\"font-family:宋体;\"></span>&nbsp;\n</p>\n<p style=\"text-indent:17.95pt;\">\n	<span></span>\n</p>\n<p style=\"text-indent:17.95pt;\">\n	<span style=\"font-family:宋体;\">解决方案：通过与华中人才签定《人才派遣协议》，将其员工的雇主关系转移于华中人才名下，此时劳动关系将重新建立，且与用人单位无关。</span> \n</p>\n<p style=\"text-indent:17.95pt;\">\n	<span style=\"font-family:宋体;\"></span>&nbsp;\n</p>\n<p style=\"text-indent:17.95pt;\">\n	<span></span>\n</p>\n<p style=\"text-indent:17.95pt;\">\n	<span style=\"font-family:宋体;\">实施效果：</span> \n</p>\n<p style=\"text-indent:17.95pt;\">\n	<span style=\"font-family:宋体;\"></span>&nbsp;\n</p>\n<p style=\"text-indent:17.95pt;\">\n	<span></span>\n</p>\n<p style=\"text-indent:17.95pt;\">\n	<span>1.</span><span style=\"font-family:宋体;\">解决了棘手的“无限期合同”问题，使该机构正常的人力资源工作得以保障，真正从人力资本的角度提升了企业的竞争力。</span> \n</p>\n<p style=\"text-indent:17.95pt;\">\n	<span style=\"font-family:宋体;\"></span>&nbsp;\n</p>\n<p style=\"text-indent:17.95pt;\">\n	<span></span>\n</p>\n<p style=\"text-indent:17.95pt;\">\n	<span>2. </span><span style=\"font-family:宋体;\">突破了劳动法规的约束，规范用工、规避劳动纠纷。</span> \n</p>\n<p style=\"text-indent:17.95pt;\">\n	<span style=\"font-family:宋体;\"></span>&nbsp;\n</p>\n<p style=\"text-indent:17.95pt;\">\n	<span></span>\n</p>\n<p style=\"text-indent:17.95pt;\">\n	<span></span>\n</p>\n<p style=\"text-indent:17.95pt;\">\n	<span></span>\n</p>\n<p style=\"text-indent:17.95pt;\">\n	<span></span>\n</p>\n<p style=\"text-indent:17.95pt;\">\n	<span></span>\n</p>', '', '', '', '人才派遣,华中人才派遣,派遣员工,劳动合同,人才派遣协议', '7', 'post_cover/派遣案例51.jpg', '1410833214', '0', 'Y', '0', '1410833039', '1');
INSERT INTO `t_pq_post` VALUES ('52', '1', '', '佚名', '劳务派遣公司的主要法定责任', '5', '劳务派遣公司必须与员工签订《劳动合同》或《劳务合同》，如未执行，发生争议，劳动保障行政部门则按照未签订劳动合同的人数，对用工单位处以罚款；劳务派遣公司不得以任何形式收取抵押金、保证金及其他费用，如违反规定劳动保障行政部门对单位处以罚款。劳务派遣公司应为员工缴纳社会保险，对违反规定的主管人员和直接责任人给予行政处分，逾期不缴的按日加收欠缴金额的滞纳金。', '', null, '劳务派遣 劳务派遣公司 劳动合同 派遣员工', '&nbsp;\n<p style=\"text-indent:17.95pt;\">\n	<span>1</span><span style=\"font-family:宋体;\">、<a href=\"http://paiqian.111job.cn/\">劳务派遣</a>公司必须与员工签订《劳动合同》或《劳务合同》，如未执行，发生争议，劳动保障行政部门则按照未签订劳动合同的人数，对用工单位处以罚款；</span> \n</p>\n<p style=\"text-indent:17.95pt;\">\n	<span style=\"font-family:宋体;\"></span><span></span>&nbsp;\n</p>\n<p style=\"text-indent:17.95pt;\">\n	<span></span>\n</p>\n<p style=\"text-indent:17.95pt;\">\n	<span>2</span><span style=\"font-family:宋体;\">、<a href=\"http://paiqian.111job.cn/\">劳务派遣</a>公司不得以任何形式收取抵押金、保证金及其他费用，如违反规定劳动保障行政部门对单位处以罚款。</span> \n</p>\n<p style=\"text-indent:17.95pt;\">\n	<span style=\"font-family:宋体;\"></span><span></span>&nbsp;\n</p>\n<p style=\"text-indent:17.95pt;\">\n	<span></span>\n</p>\n<p style=\"text-indent:17.95pt;\">\n	<span>3</span><span style=\"font-family:宋体;\">、<a href=\"http://paiqian.111job.cn/\">劳务派遣</a>公司应为员工缴纳社会保险，对违反规定的主管人员和直接责任人给予行政处分，逾期不缴的按日加收欠缴金额的滞纳金。</span> \n</p>\n<p style=\"text-indent:17.95pt;\">\n	<span style=\"font-family:宋体;\"></span><span></span>&nbsp;\n</p>\n<p style=\"text-indent:17.95pt;\">\n	<span></span>\n</p>\n<p style=\"text-indent:17.95pt;\">\n	<span style=\"font-family:宋体;\">公司责任义务</span> \n</p>\n<p style=\"text-indent:17.95pt;\">\n	<span style=\"font-family:宋体;\"></span><span></span>&nbsp;\n</p>\n<p style=\"text-indent:17.95pt;\">\n	<span></span>\n</p>\n<p style=\"text-indent:17.95pt;\">\n	<span>1</span><span style=\"font-family:宋体;\">、负责<a href=\"http://paiqian.111job.cn/\">劳务派遣</a>员工《劳动合同》的签订及管理。</span> \n</p>\n<p style=\"text-indent:17.95pt;\">\n	<span style=\"font-family:宋体;\"></span><span></span>&nbsp;\n</p>\n<p style=\"text-indent:17.95pt;\">\n	<span></span>\n</p>\n<p style=\"text-indent:17.95pt;\">\n	<span>2</span><span style=\"font-family:宋体;\">、负责<a href=\"http://paiqian.111job.cn/\">劳务派遣</a>员工各项社会保险的参保、缴费及增减维护。</span> \n</p>\n<p style=\"text-indent:17.95pt;\">\n	<span style=\"font-family:宋体;\"></span><span></span>&nbsp;\n</p>\n<p style=\"text-indent:17.95pt;\">\n	<span></span>\n</p>\n<p style=\"text-indent:17.95pt;\">\n	<span>3</span><span style=\"font-family:宋体;\">、负责<a href=\"http://paiqian.111job.cn/\">劳务派遣</a>员工工资的发放（或委托用人单位代发）及个人所得税的计缴。</span> \n</p>\n<p style=\"text-indent:17.95pt;\">\n	<span style=\"font-family:宋体;\"></span><span></span>&nbsp;\n</p>\n<p style=\"text-indent:17.95pt;\">\n	<span></span>\n</p>\n<p style=\"text-indent:17.95pt;\">\n	<span>4</span><span style=\"font-family:宋体;\">、负责<a href=\"http://paiqian.111job.cn/\">劳务派遣</a>员工工伤事故的处理及待遇的申领。</span> \n</p>\n<p style=\"text-indent:17.95pt;\">\n	<span style=\"font-family:宋体;\"></span><span></span>&nbsp;\n</p>\n<p style=\"text-indent:17.95pt;\">\n	<span></span>\n</p>\n<p style=\"text-indent:17.95pt;\">\n	<span>5</span><span style=\"font-family:宋体;\">、负责<a href=\"http://paiqian.111job.cn/\">劳务派遣</a>员工生育、及医疗待遇相关手续的办理。</span> \n</p>\n<p style=\"text-indent:17.95pt;\">\n	<span style=\"font-family:宋体;\"></span><span></span>&nbsp;\n</p>\n<p style=\"text-indent:17.95pt;\">\n	<span></span>\n</p>\n<p style=\"text-indent:17.95pt;\">\n	<span>6</span><span style=\"font-family:宋体;\">、负责<a href=\"http://paiqian.111job.cn/\">劳务派遣</a>员工个人档案的建立及管理。</span> \n</p>\n<p style=\"text-indent:17.95pt;\">\n	<span style=\"font-family:宋体;\"></span><span></span>&nbsp;\n</p>\n<p style=\"text-indent:17.95pt;\">\n	<span></span>\n</p>\n<p style=\"text-indent:17.95pt;\">\n	<span>7</span><span style=\"font-family:宋体;\">、负责<a href=\"http://paiqian.111job.cn/\">劳务派遣</a>员工入职、离职手续的办理。</span> \n</p>\n<p style=\"text-indent:17.95pt;\">\n	<span style=\"font-family:宋体;\"></span><span></span>&nbsp;\n</p>\n<p style=\"text-indent:17.95pt;\">\n	<span></span>\n</p>\n<p style=\"text-indent:17.95pt;\">\n	<span>8</span><span style=\"font-family:宋体;\">、负责各项社会保险关系、人事档案关系的建立、转移。</span> \n</p>\n<p style=\"text-indent:17.95pt;\">\n	<span style=\"font-family:宋体;\"></span><span></span>&nbsp;\n</p>\n<p style=\"text-indent:17.95pt;\">\n	<span></span>\n</p>\n<p style=\"text-indent:17.95pt;\">\n	<span>9</span><span style=\"font-family:宋体;\">、负责劳务争议的处理。</span> \n</p>\n<p style=\"text-indent:17.95pt;\">\n	<span style=\"font-family:宋体;\"></span><span></span>&nbsp;\n</p>\n<p style=\"text-indent:17.95pt;\">\n	<span></span>\n</p>\n<p style=\"text-indent:17.95pt;\">\n	<span>10</span><span style=\"font-family:宋体;\">、负责向用人单位提供劳动保障法律法规政策咨询及相关新出台政策的提供告知。</span> \n</p>\n<p style=\"text-indent:17.95pt;\">\n	<span style=\"font-family:宋体;\"></span>&nbsp;\n</p>', '华中派遣网', 'http://www.rcpq.cn/', '', '劳务派遣,劳务派遣公司,劳动合同,派遣员工', '6', 'post_cover/派遣法03.jpg', '1410856187', '0', 'Y', '0', '1410855190', '1');
INSERT INTO `t_pq_post` VALUES ('54', '1', '', '佚名', '社会保险行政争议处理办法', '5', '中华人民共和国劳动和社会保障部令第十三号。《社会保险行政争议处理办法》已于2001年5月8日经劳动和社会保障部部务会议通过，现予发布，自发布之日起施行。\n\n', '', null, '社会保险 养老保险', '&nbsp;\n<p style=\"text-indent:17.95pt;\">\n	<span></span>\n</p>\n<p style=\"text-indent:17.95pt;\">\n	<span style=\"font-family:宋体;\">中华人民共和国劳动和社会保障部令第十三号</span> \n</p>\n<p style=\"text-indent:17.95pt;\">\n	<span style=\"font-family:宋体;\"></span>&nbsp;\n</p>\n<p style=\"text-indent:17.95pt;\">\n	<span></span>\n</p>\n<p style=\"text-indent:17.95pt;\">\n	<span style=\"font-family:宋体;\">《社会保险行政争议处理办法》已于</span><span>2001</span><span style=\"font-family:宋体;\">年</span><span>5</span><span style=\"font-family:宋体;\">月</span><span>8</span><span style=\"font-family:宋体;\">日经劳动和社会保障部部务会议通过，现予发布，自发布之日起施行。</span> \n</p>\n<p style=\"text-indent:17.95pt;\">\n	<span></span>\n</p>\n<p style=\"text-indent:17.95pt;\">\n	<span style=\"font-family:宋体;\">部长</span> <span style=\"font-family:宋体;\">张左己</span> \n</p>\n<p style=\"text-indent:17.95pt;\">\n	<span style=\"font-family:宋体;\"></span>&nbsp;\n</p>\n<p style=\"text-indent:17.95pt;\">\n	<span></span>\n</p>\n<p style=\"text-indent:17.95pt;\">\n	<span style=\"font-family:宋体;\">二○○一年五月二十七日</span> \n</p>\n<p style=\"text-indent:17.95pt;\">\n	<span style=\"font-family:宋体;\"></span>&nbsp;\n</p>\n<p style=\"text-indent:17.95pt;\">\n	<span></span>\n</p>\n<p style=\"text-indent:17.95pt;\">\n	<span style=\"font-family:宋体;\">社会保险行政争议处理办法</span> \n</p>\n<p style=\"text-indent:17.95pt;\">\n	<span style=\"font-family:宋体;\"></span>&nbsp;\n</p>\n<p style=\"text-indent:17.95pt;\">\n	<span></span>\n</p>\n<p style=\"text-indent:17.95pt;\">\n	<span style=\"font-family:宋体;\">第一条</span> <span style=\"font-family:宋体;\">为妥善处理社会保险行政争议，维护公民、法人和其他组织的合法权益，保障和监督社会保险经办机构（以下简称经办机构）依法行使职权，根据劳动法、行政复议法及有关法律、行政法规，制定本办法。</span> \n</p>\n<p style=\"text-indent:17.95pt;\">\n	<span style=\"font-family:宋体;\"></span>&nbsp;\n</p>\n<p style=\"text-indent:17.95pt;\">\n	<span></span>\n</p>\n<p style=\"text-indent:17.95pt;\">\n	<span style=\"font-family:宋体;\">第二条</span> <span style=\"font-family:宋体;\">本办法所称的社会保险行政争议，是指经办机构在依照法律、法规及有关规定经办社会保险事务过程中，与公民、法人或者其他组织之间发生的争议。</span> \n</p>\n<p style=\"text-indent:17.95pt;\">\n	<span style=\"font-family:宋体;\"></span>&nbsp;\n</p>\n<p style=\"text-indent:17.95pt;\">\n	<span></span>\n</p>\n<p style=\"text-indent:17.95pt;\">\n	<span style=\"font-family:宋体;\">本办法所称的经办机构，是指法律、法规授权的劳动保障行政部门所属的专门办理养老保险、医疗保险、失业保险、工伤保险、生育保险等社会保险事务的工作机构。</span> \n</p>\n<p style=\"text-indent:17.95pt;\">\n	<span style=\"font-family:宋体;\"></span>&nbsp;\n</p>\n<p style=\"text-indent:17.95pt;\">\n	<span></span>\n</p>\n<p style=\"text-indent:17.95pt;\">\n	<span style=\"font-family:宋体;\">第三条</span> <span style=\"font-family:宋体;\">公民、法人或者其他组织认为经办机构的具体行政行为侵犯其合法权益，向经办机构或者劳动保障行政部门申请社会保险行政争议处理，经办机构或者劳动保障行政部门处理社会保险行政争议适用本办法。</span> \n</p>\n<p style=\"text-indent:17.95pt;\">\n	<span style=\"font-family:宋体;\"></span>&nbsp;\n</p>\n<p style=\"text-indent:17.95pt;\">\n	<span></span>\n</p>\n<p style=\"text-indent:17.95pt;\">\n	<span style=\"font-family:宋体;\">第四条</span> <span style=\"font-family:宋体;\">经办机构和劳动保障行政部门的法制工作机构或者负责法制工作的机构为本单位的社会保险行政争议处理机构（以下简称保险争议处理机构），具体负责社会保险行政争议的处理工作。</span> \n</p>\n<p style=\"text-indent:17.95pt;\">\n	<span style=\"font-family:宋体;\"></span>&nbsp;\n</p>\n<p style=\"text-indent:17.95pt;\">\n	<span></span>\n</p>\n<p style=\"text-indent:17.95pt;\">\n	<span style=\"font-family:宋体;\">第五条</span> <span style=\"font-family:宋体;\">经办机构和劳动保障行政部门分别采用复查和行政复议的方式处理社会保险行政争议。</span> \n</p>\n<p style=\"text-indent:17.95pt;\">\n	<span style=\"font-family:宋体;\"></span>&nbsp;\n</p>\n<p style=\"text-indent:17.95pt;\">\n	<span></span>\n</p>\n<p style=\"text-indent:17.95pt;\">\n	<span style=\"font-family:宋体;\">第六条</span> <span style=\"font-family:宋体;\">有下列情形之一的，公民、法人或者其他组织可以申请行政复议：</span> \n</p>\n<p style=\"text-indent:17.95pt;\">\n	<span style=\"font-family:宋体;\"></span>&nbsp;\n</p>\n<p style=\"text-indent:17.95pt;\">\n	<span></span>\n</p>\n<p style=\"text-indent:17.95pt;\">\n	<span style=\"font-family:宋体;\">（一）认为经办机构未依法为其办理社会保险登记、变更或者注销手续的；</span> \n</p>\n<p style=\"text-indent:17.95pt;\">\n	<span></span>\n</p>\n<p style=\"text-indent:17.95pt;\">\n	<span style=\"font-family:宋体;\">（二）认为经办机构未按规定审核社会保险缴费基数的；</span> \n</p>\n<p style=\"text-indent:17.95pt;\">\n	<span></span>\n</p>\n<p style=\"text-indent:17.95pt;\">\n	<span style=\"font-family:宋体;\">（三）认为经办机构未按规定记录社会保险费缴费情况或者拒绝其查询缴费记录的；</span> \n</p>\n<p style=\"text-indent:17.95pt;\">\n	<span></span>\n</p>\n<p style=\"text-indent:17.95pt;\">\n	<span style=\"font-family:宋体;\">（四）认为经办机构违法收取费用或者违法要求履行义务的；</span> \n</p>\n<p style=\"text-indent:17.95pt;\">\n	<span></span>\n</p>\n<p style=\"text-indent:17.95pt;\">\n	<span style=\"font-family:宋体;\">（五）对经办机构核定其社会保险待遇标准有异议的；</span> \n</p>\n<p style=\"text-indent:17.95pt;\">\n	<span></span>\n</p>\n<p style=\"text-indent:17.95pt;\">\n	<span style=\"font-family:宋体;\">（六）认为经办机构不依法支付其社会保险待遇或者对经办机构停止其享受社会保险待遇有异议的；</span> \n</p>\n<p style=\"text-indent:17.95pt;\">\n	<span></span>\n</p>\n<p style=\"text-indent:17.95pt;\">\n	<span style=\"font-family:宋体;\">（七）认为经办机构未依法为其调整社会保险待遇的；</span> \n</p>\n<p style=\"text-indent:17.95pt;\">\n	<span></span>\n</p>\n<p style=\"text-indent:17.95pt;\">\n	<span style=\"font-family:宋体;\">（八）认为经办机构未依法为其办理社会保险关系转移或者接续手续的；</span> \n</p>\n<p style=\"text-indent:17.95pt;\">\n	<span></span>\n</p>\n<p style=\"text-indent:17.95pt;\">\n	<span style=\"font-family:宋体;\">（九）认为经办机构的其他具体行政行为侵犯其合法权益的；</span> \n</p>\n<p style=\"text-indent:17.95pt;\">\n	<span style=\"font-family:宋体;\"></span>&nbsp;\n</p>\n<p style=\"text-indent:17.95pt;\">\n	<span style=\"font-family:宋体;\">属于前款第（二）、（五）、（六）、（七）项情形之一的，公民、法人或者其他组织可以直接向劳动保障行政部门申请行政复议，也可以先向作出该具体行政行为的经办机构申请复查，对复查决定不服，再向劳动保障行政部门申请行政复议。</span> \n</p>\n<p style=\"text-indent:17.95pt;\">\n	<span style=\"font-family:宋体;\"></span>&nbsp;\n</p>\n<p style=\"text-indent:17.95pt;\">\n	<span></span>\n</p>\n<p style=\"text-indent:17.95pt;\">\n	<span style=\"font-family:宋体;\">第七条</span> <span style=\"font-family:宋体;\">公民、法人或者其他组织认为经办机构的具体行政行为所依据的除法律、法规、规章和国务院文件以外的其他规范性文件不合法，在对具体行政行为申请行政复议时，可以向劳动保障行政部门一并提出对该规范性文件的审查申请。</span> \n</p>\n<p style=\"text-indent:17.95pt;\">\n	<span style=\"font-family:宋体;\"></span>&nbsp;\n</p>\n<p style=\"text-indent:17.95pt;\">\n	<span></span>\n</p>\n<p style=\"text-indent:17.95pt;\">\n	<span style=\"font-family:宋体;\">第八条</span> <span style=\"font-family:宋体;\">公民、法人或者其他组织对经办机构作出的具体行政行为不服，可以向直接管理该经办机构的劳动保障行政部门申请行政复议。</span> \n</p>\n<p style=\"text-indent:17.95pt;\">\n	<span style=\"font-family:宋体;\"></span>&nbsp;\n</p>\n<p style=\"text-indent:17.95pt;\">\n	<span></span>\n</p>\n<p style=\"text-indent:17.95pt;\">\n	<span style=\"font-family:宋体;\">第九条</span> <span style=\"font-family:宋体;\">申请人认为经办机构的具体行政行为侵犯其合法权益的，可以自知道该具体行政行为之日起</span><span>60</span><span style=\"font-family:宋体;\">日内向经办机构申请复查或者向劳动保障行政部门申请行政复议。</span> \n</p>\n<p style=\"text-indent:17.95pt;\">\n	<span style=\"font-family:宋体;\"></span>&nbsp;\n</p>\n<p style=\"text-indent:17.95pt;\">\n	<span></span>\n</p>\n<p style=\"text-indent:17.95pt;\">\n	<span style=\"font-family:宋体;\">申请人与经办机构之间发生的属于人民法院受案范围的行政案件，申请人也可以依法直接向人民法院提起行政诉讼。</span> \n</p>\n<p style=\"text-indent:17.95pt;\">\n	<span style=\"font-family:宋体;\"></span>&nbsp;\n</p>\n<p style=\"text-indent:17.95pt;\">\n	<span></span>\n</p>\n<p style=\"text-indent:17.95pt;\">\n	<span style=\"font-family:宋体;\">第十条</span> <span style=\"font-family:宋体;\">经办机构作出具体行政行为时，未告知申请人有权申请行政复议或者行政复议申请期限的；行政复议申请期限从申请人知道行政复议权或者行政复议申请期限之日起计算，但最长不得超过二年。</span> \n</p>\n<p style=\"text-indent:17.95pt;\">\n	<span style=\"font-family:宋体;\"></span>&nbsp;\n</p>\n<p style=\"text-indent:17.95pt;\">\n	<span></span>\n</p>\n<p style=\"text-indent:17.95pt;\">\n	<span style=\"font-family:宋体;\">因不可抗力或者其他正当理由耽误法定申请期限的，申请期限自障碍消除之日起继续计算。</span> \n</p>\n<p style=\"text-indent:17.95pt;\">\n	<span style=\"font-family:宋体;\"></span>&nbsp;\n</p>\n<p style=\"text-indent:17.95pt;\">\n	<span></span>\n</p>\n<p style=\"text-indent:17.95pt;\">\n	<span style=\"font-family:宋体;\">第十一条</span> <span style=\"font-family:宋体;\">申请人向经办机构申请复查或者向劳动保障行政部门申请行政复议，一般应当以书面形式提出，也可以口头提出。口头提出的，接到申请的保险争议处理机构应当当场记录申请人的基本情况、请求事项、主要事实和理由、申请时间等事项，并由申请人签字或者盖章。</span> \n</p>\n<p style=\"text-indent:17.95pt;\">\n	<span style=\"font-family:宋体;\"></span>&nbsp;\n</p>\n<p style=\"text-indent:17.95pt;\">\n	<span></span>\n</p>\n<p style=\"text-indent:17.95pt;\">\n	<span style=\"font-family:宋体;\">劳动保障行政部门的其他工作机构接到以书面形式提出的行政复议申请的，应当立即转送本部门的保险争议处理机构。</span> \n</p>\n<p style=\"text-indent:17.95pt;\">\n	<span style=\"font-family:宋体;\"></span>&nbsp;\n</p>\n<p style=\"text-indent:17.95pt;\">\n	<span></span>\n</p>\n<p style=\"text-indent:17.95pt;\">\n	<span style=\"font-family:宋体;\">第十二条</span> <span style=\"font-family:宋体;\">申请人向作出该具体行政行为的经办机构申请复查的，该经办机构应指定其内部专门机构负责处理，并应当自接到复查申请之日起</span><span>20</span><span style=\"font-family:宋体;\">日内作出维持或者改变该具体行政行为的复查决定。决定改变的，应当重新作出新的具体行政行为。</span> \n</p>\n<p style=\"text-indent:17.95pt;\">\n	<span style=\"font-family:宋体;\"></span>&nbsp;\n</p>\n<p style=\"text-indent:17.95pt;\">\n	<span></span>\n</p>\n<p style=\"text-indent:17.95pt;\">\n	<span style=\"font-family:宋体;\">经办机构作出的复查决定应当采用书面形式。</span> \n</p>\n<p style=\"text-indent:17.95pt;\">\n	<span style=\"font-family:宋体;\"></span>&nbsp;\n</p>\n<p style=\"text-indent:17.95pt;\">\n	<span></span>\n</p>\n<p style=\"text-indent:17.95pt;\">\n	<span style=\"font-family:宋体;\">第十三条</span> <span style=\"font-family:宋体;\">申请人对经办机构的复查决定不服，或者经办机构逾期未作出复查决定的，申请人可以向直接管理该经办机构的劳动保障行政部门申请行政复议。</span> \n</p>\n<p style=\"text-indent:17.95pt;\">\n	<span style=\"font-family:宋体;\"></span>&nbsp;\n</p>\n<p style=\"text-indent:17.95pt;\">\n	<span></span>\n</p>\n<p style=\"text-indent:17.95pt;\">\n	<span style=\"font-family:宋体;\">申请人在经办机构复查该具体行政行为期间，向劳动保障行政部门申请行政复议的，经办机构的复查程序终止。</span> \n</p>\n<p style=\"text-indent:17.95pt;\">\n	<span style=\"font-family:宋体;\"></span>&nbsp;\n</p>\n<p style=\"text-indent:17.95pt;\">\n	<span></span>\n</p>\n<p style=\"text-indent:17.95pt;\">\n	<span style=\"font-family:宋体;\">第十四条</span> <span style=\"font-family:宋体;\">经办机构复查期间，行政复议的申请期限中止，复查期限不计入行政复议申请期限。</span> \n</p>\n<p style=\"text-indent:17.95pt;\">\n	<span style=\"font-family:宋体;\"></span>&nbsp;\n</p>\n<p style=\"text-indent:17.95pt;\">\n	<span></span>\n</p>\n<p style=\"text-indent:17.95pt;\">\n	<span style=\"font-family:宋体;\">第十五条</span> <span style=\"font-family:宋体;\">劳动保障行政部门的保险争议处理机构接到行政复议申请后，应当注明收到日期，并在</span><span>5</span><span style=\"font-family:宋体;\">个工作日</span><span style=\"font-family:宋体;\">内进行审查，由劳动保障行政部门按照下列情况分别作出决定：</span> \n</p>\n<p style=\"text-indent:17.95pt;\">\n	<span style=\"font-family:宋体;\"></span>&nbsp;\n</p>\n<p style=\"text-indent:17.95pt;\">\n	<span></span>\n</p>\n<p style=\"text-indent:17.95pt;\">\n	<span style=\"font-family:宋体;\">（一）对符合法定受理条件，但不属于本行政机关受理范围的，应当告知申请人向有关机关提出；</span> \n</p>\n<p style=\"text-indent:17.95pt;\">\n	<span></span>\n</p>\n<p style=\"text-indent:17.95pt;\">\n	<span style=\"font-family:宋体;\">（二）对不符合法定受理条件的，应当作出不予受理决定，并制作行政复议不予受理决定书，送达申请人。该决定书中应当说明不予受理的理由。</span> \n</p>\n<p style=\"text-indent:17.95pt;\">\n	<span style=\"font-family:宋体;\"></span>&nbsp;\n</p>\n<p style=\"text-indent:17.95pt;\">\n	<span></span>\n</p>\n<p style=\"text-indent:17.95pt;\">\n	<span style=\"font-family:宋体;\">除前款规定外，行政复议申请自劳动保障行政部门的保险争议处理机构收到之日起即为受理，并制作行政复议受理通知书，送达申请人和被申请人。该通知中应当告知受理日期。</span> \n</p>\n<p style=\"text-indent:17.95pt;\">\n	<span style=\"font-family:宋体;\"></span>&nbsp;\n</p>\n<p style=\"text-indent:17.95pt;\">\n	<span></span>\n</p>\n<p style=\"text-indent:17.95pt;\">\n	<span style=\"font-family:宋体;\">本条规定的期限，从劳动保障行政部门的保险争议处理机构收到行政复议申请之日起计算；因行政复议申请书的主要内容欠缺致使劳动保障行政部门难以作出决定而要求申请人补正有关材料的，从保险争议处理机构收到补正材料之日起计算。</span> \n</p>\n<p style=\"text-indent:17.95pt;\">\n	<span style=\"font-family:宋体;\"></span>&nbsp;\n</p>\n<p style=\"text-indent:17.95pt;\">\n	<span></span>\n</p>\n<p style=\"text-indent:17.95pt;\">\n	<span style=\"font-family:宋体;\">第十六条</span> <span style=\"font-family:宋体;\">经办机构作出具体行政行为时，没有制作或者没有送达行政文书，申请人不服提起行政复议的，只要能证明具体行政行为存在，劳动保障行政部门应当依法受理。</span> \n</p>\n<p style=\"text-indent:17.95pt;\">\n	<span style=\"font-family:宋体;\"></span>&nbsp;\n</p>\n<p style=\"text-indent:17.95pt;\">\n	<span></span>\n</p>\n<p style=\"text-indent:17.95pt;\">\n	<span style=\"font-family:宋体;\">第十七条</span> <span style=\"font-family:宋体;\">申请人认为劳动保障行政部门无正当理由不受理其行政复议申请的，可以向上级劳动保障行政部门申诉，上级劳动保障行政部门在审查后，作出以下处理决定：</span> \n</p>\n<p style=\"text-indent:17.95pt;\">\n	<span style=\"font-family:宋体;\"></span>&nbsp;\n</p>\n<p style=\"text-indent:17.95pt;\">\n	<span></span>\n</p>\n<p style=\"text-indent:17.95pt;\">\n	<span style=\"font-family:宋体;\">（一）申请人提出的行政复议申请符合法定受理条件的，应当责令下级劳动保障行政部门予以受理；其中申请人不服的具体行政行为是依据劳动保障法律、法规、部门规章、本级以上人民政府制定的规章或者本行政机关制定的规范性文件作出的，或者上级劳动保障行政部门认为有必要直接受理的，可以直接受理；</span> \n</p>\n<p style=\"text-indent:17.95pt;\">\n	<span></span>\n</p>\n<p style=\"text-indent:17.95pt;\">\n	<span style=\"font-family:宋体;\">（二）上级劳动保障行政部门认为下级劳动保障行政部门不予受理行为确属有正当理由，应当将审查结论告知申请人。</span> \n</p>\n<p style=\"text-indent:17.95pt;\">\n	<span></span>\n</p>\n<p style=\"text-indent:17.95pt;\">\n	<span style=\"font-family:宋体;\">第十八条</span> <span style=\"font-family:宋体;\">劳动保障行政部门的保险争议处理机构对已受理的社会保险行政争议案件，应当自收到申请之日起</span><span>7</span><span style=\"font-family:宋体;\">个工作日内，将申请书副本或者申请笔录复印件和行政复议受理通知书送达被申请人。</span> \n</p>\n<p style=\"text-indent:17.95pt;\">\n	<span style=\"font-family:宋体;\"></span>&nbsp;\n</p>\n<p style=\"text-indent:17.95pt;\">\n	<span></span>\n</p>\n<p style=\"text-indent:17.95pt;\">\n	<span style=\"font-family:宋体;\">第十九条</span> <span style=\"font-family:宋体;\">被申请人应当自接到行政复议申请书副本或者申请笔录复印件之日起</span><span>10</span><span style=\"font-family:宋体;\">日内，提交答辩书，并提交作出该具体行政行为的证据、所依据的法律规范及其他有关材料。</span> \n</p>\n<p style=\"text-indent:17.95pt;\">\n	<span style=\"font-family:宋体;\"></span>&nbsp;\n</p>\n<p style=\"text-indent:17.95pt;\">\n	<span></span>\n</p>\n<p style=\"text-indent:17.95pt;\">\n	<span style=\"font-family:宋体;\">被申请人不提供或者无正当理由逾期提供的，视为该具体行政行为没有证据、依据。</span> \n</p>\n<p style=\"text-indent:17.95pt;\">\n	<span style=\"font-family:宋体;\"></span>&nbsp;\n</p>\n<p style=\"text-indent:17.95pt;\">\n	<span></span>\n</p>\n<p style=\"text-indent:17.95pt;\">\n	<span style=\"font-family:宋体;\">第二十条</span> <span style=\"font-family:宋体;\">申请人可以依法查阅被申请人提出的书面答辩、作出具体行政行为的证据、依据和其他有关材料。</span> \n</p>\n<p style=\"text-indent:17.95pt;\">\n	<span style=\"font-family:宋体;\"></span>&nbsp;\n</p>\n<p style=\"text-indent:17.95pt;\">\n	<span></span>\n</p>\n<p style=\"text-indent:17.95pt;\">\n	<span style=\"font-family:宋体;\">第二十一条</span> <span style=\"font-family:宋体;\">劳动保障行政部门处理社会保险行政争议案件，原则上采用书面审查方式。必要时，可以向有关单位和个人调查了解情况，听取申请人、被申请人和有关人员的意见，并制作笔录。</span> \n</p>\n<p style=\"text-indent:17.95pt;\">\n	<span style=\"font-family:宋体;\"></span>&nbsp;\n</p>\n<p style=\"text-indent:17.95pt;\">\n	<span></span>\n</p>\n<p style=\"text-indent:17.95pt;\">\n	<span style=\"font-family:宋体;\">第二十二条</span> <span style=\"font-family:宋体;\">劳动保障行政部门处理社会保险行政争议案件，以法律、法规、规章和依法制定的其他规范性文件为依据。</span> \n</p>\n<p style=\"text-indent:17.95pt;\">\n	<span style=\"font-family:宋体;\"></span>&nbsp;\n</p>\n<p style=\"text-indent:17.95pt;\">\n	<span></span>\n</p>\n<p style=\"text-indent:17.95pt;\">\n	<span style=\"font-family:宋体;\">第二十三条</span> <span style=\"font-family:宋体;\">劳动保障行政部门在依法向有关部门请示行政复议过程中所遇到的问题应当如何处理期间，行政复议中止。</span> \n</p>\n<p style=\"text-indent:17.95pt;\">\n	<span style=\"font-family:宋体;\"></span>&nbsp;\n</p>\n<p style=\"text-indent:17.95pt;\">\n	<span></span>\n</p>\n<p style=\"text-indent:17.95pt;\">\n	<span style=\"font-family:宋体;\">第二十四条</span> <span style=\"font-family:宋体;\">劳动保障行政部门在审查申请人一并提出的作出具体行政行为所依据的有关规定的合法性时，应当根据具体情况，分别作出以下处理：</span> \n</p>\n<p style=\"text-indent:17.95pt;\">\n	<span style=\"font-family:宋体;\"></span>&nbsp;\n</p>\n<p style=\"text-indent:17.95pt;\">\n	<span></span>\n</p>\n<p style=\"text-indent:17.95pt;\">\n	<span style=\"font-family:宋体;\">（一）该规定是由本行政机关制定的，应当在</span><span>30</span><span style=\"font-family:宋体;\">日内对该规定依法作出处理结论；</span> \n</p>\n<p style=\"text-indent:17.95pt;\">\n	<span style=\"font-family:宋体;\">（二）该规定是由本行政机关以外的劳动保障行政部门制定的，应当在</span><span>7</span><span style=\"font-family:宋体;\">个工作日内将有关材料直接移送制定该规定的劳动保障行政部门，请其在</span><span>60</span><span style=\"font-family:宋体;\">日内依法作出处理结论，并将处理结论告知移送的劳动保障行政部门。</span> \n</p>\n<p style=\"text-indent:17.95pt;\">\n	<span></span>\n</p>\n<p style=\"text-indent:17.95pt;\">\n	<span style=\"font-family:宋体;\">（三）该规定是由政府及其他工作部门制定的，应当在</span><span>7</span><span style=\"font-family:宋体;\">个工作日内按照法定程序转送有权处理的国家机关依法处理。</span> \n</p>\n<p style=\"text-indent:17.95pt;\">\n	<span></span>\n</p>\n<p style=\"text-indent:17.95pt;\">\n	<span style=\"font-family:宋体;\">审查该规定期间，行政复议中止，劳动保障行政部门应将有关中止情况通知申请人和被申请人。</span> \n</p>\n<p style=\"text-indent:17.95pt;\">\n	<span style=\"font-family:宋体;\"></span>&nbsp;\n</p>\n<p style=\"text-indent:17.95pt;\">\n	<span></span>\n</p>\n<p style=\"text-indent:17.95pt;\">\n	<span style=\"font-family:宋体;\">第二十五条</span> <span style=\"font-family:宋体;\">行政复议中止的情形结束后，劳动保障行政部门应当继续对该具体行政行为进行审查，并将恢复行政复议审查的时间通知申请人和被申请人。</span> \n</p>\n<p style=\"text-indent:17.95pt;\">\n	<span style=\"font-family:宋体;\"></span>&nbsp;\n</p>\n<p style=\"text-indent:17.95pt;\">\n	<span></span>\n</p>\n<p style=\"text-indent:17.95pt;\">\n	<span style=\"font-family:宋体;\">第二十六条</span> <span style=\"font-family:宋体;\">申请人向劳动保障行</span><span style=\"font-family:宋体;\">政部门提出行政复议申请后，在劳动保障行政部门作出处理决定之前，撤回行政复议申请的，经说明理由，劳动保障行政部门可以终止审理，并将有关情况记录在案。</span> \n</p>\n<p style=\"text-indent:17.95pt;\">\n	<span style=\"font-family:宋体;\"></span>&nbsp;\n</p>\n<p style=\"text-indent:17.95pt;\">\n	<span></span>\n</p>\n<p style=\"text-indent:17.95pt;\">\n	<span style=\"font-family:宋体;\">第二十七条</span> <span style=\"font-family:宋体;\">劳动保障行政部门行政复议期间，被申请人变更或者撤销原具体行政行为的，应当书面告知劳动保障行政部门和申请人。劳动保障行政部门可以终止对原具体行政行为的审查，并书面告知申请人和被申请人。</span> \n</p>\n<p style=\"text-indent:17.95pt;\">\n	<span style=\"font-family:宋体;\"></span>&nbsp;\n</p>\n<p style=\"text-indent:17.95pt;\">\n	<span></span>\n</p>\n<p style=\"text-indent:17.95pt;\">\n	<span style=\"font-family:宋体;\">申请人对被申请人变更或者重新作出的具体行政行为不服，向劳动保障行政部门提出行政复议申请的，劳动保障行政部门应当受理。</span> \n</p>\n<p style=\"text-indent:17.95pt;\">\n	<span style=\"font-family:宋体;\"></span>&nbsp;\n</p>\n<p style=\"text-indent:17.95pt;\">\n	<span></span>\n</p>\n<p style=\"text-indent:17.95pt;\">\n	<span style=\"font-family:宋体;\">第二十八条</span> <span style=\"font-family:宋体;\">劳动保障行政部门的保险争议处理机构应当对其组织审理的社会保险行政争议案件提出处理建议，经本行政机关负责人审查同意或者重大案件经本行政机关集体讨论决定后，由本行政机关依法作出行政复议决定。</span> \n</p>\n<p style=\"text-indent:17.95pt;\">\n	<span style=\"font-family:宋体;\"></span>&nbsp;\n</p>\n<p style=\"text-indent:17.95pt;\">\n	<span></span>\n</p>\n<p style=\"text-indent:17.95pt;\">\n	<span style=\"font-family:宋体;\">第二十九条</span> <span style=\"font-family:宋体;\">劳动保障行政部门作出行政复议决定，应当制作行政复议决定书。行政复议决定书应当载明下列事项：</span> \n</p>\n<p style=\"text-indent:17.95pt;\">\n	<span style=\"font-family:宋体;\"></span>&nbsp;\n</p>\n<p style=\"text-indent:17.95pt;\">\n	<span></span>\n</p>\n<p style=\"text-indent:17.95pt;\">\n	<span style=\"font-family:宋体;\">（一）申请人的姓名、性别、年龄、工作单位、住址（法人或者其他组织的名称、地址、法定代表人的姓名、职务）；</span> \n</p>\n<p style=\"text-indent:17.95pt;\">\n	<span style=\"font-family:宋体;\">（二）被申请人的名称、地址、法定代表人的姓名、职务；</span> \n</p>\n<p style=\"text-indent:17.95pt;\">\n	<span></span>\n</p>\n<p style=\"text-indent:17.95pt;\">\n	<span style=\"font-family:宋体;\">（三）申请人的复议请求和理由；</span> \n</p>\n<p style=\"text-indent:17.95pt;\">\n	<span style=\"font-family:宋体;\">（四）被申请人的答辩意见；</span> \n</p>\n<p style=\"text-indent:17.95pt;\">\n	<span style=\"font-family:宋体;\">（五）劳动保障行政部门认定的事实、理由，适用的法律、法规、规章和依法制定的其他规范性文件；</span> \n</p>\n<p style=\"text-indent:17.95pt;\">\n	<span style=\"font-family:宋体;\">（六）复议结论；</span> \n</p>\n<p style=\"text-indent:17.95pt;\">\n	<span style=\"font-family:宋体;\">（七）申请人不服复议决定向人民法院起诉的期限；</span> \n</p>\n<p style=\"text-indent:17.95pt;\">\n	<span style=\"font-family:宋体;\">（八）作出复议决定的年、月、日。</span> \n</p>\n<p style=\"text-indent:17.95pt;\">\n	<span style=\"font-family:宋体;\"></span>&nbsp;\n</p>\n<p style=\"text-indent:17.95pt;\">\n	<span></span>\n</p>\n<p style=\"text-indent:17.95pt;\">\n	<span style=\"font-family:宋体;\">行政复议决定书应当加盖本行政机关的印章。</span> \n</p>\n<p style=\"text-indent:17.95pt;\">\n	<span style=\"font-family:宋体;\"></span>&nbsp;\n</p>\n<p style=\"text-indent:17.95pt;\">\n	<span></span>\n</p>\n<p style=\"text-indent:17.95pt;\">\n	<span style=\"font-family:宋体;\">第三十条</span> <span style=\"font-family:宋体;\">经办机构和劳动保障行政部门应当依照民事诉讼法有关送达的规定，将复查决定和行政复议文书送达申请人和被申请人。</span> \n</p>\n<p style=\"text-indent:17.95pt;\">\n	<span style=\"font-family:宋体;\"></span>&nbsp;\n</p>\n<p style=\"text-indent:17.95pt;\">\n	<span></span>\n</p>\n<p style=\"text-indent:17.95pt;\">\n	<span style=\"font-family:宋体;\">第三十一条</span> <span style=\"font-family:宋体;\">申请人对劳动保障行政部门作出的行政复议决定不服的，可以依法向人民法院提起行政诉讼。</span> \n</p>\n<p style=\"text-indent:17.95pt;\">\n	<span style=\"font-family:宋体;\"></span>&nbsp;\n</p>\n<p style=\"text-indent:17.95pt;\">\n	<span></span>\n</p>\n<p style=\"text-indent:17.95pt;\">\n	<span style=\"font-family:宋体;\">第三十二条</span> <span style=\"font-family:宋体;\">经办机构必须执行生效的行政复议决定书。拒不执行或者故意拖延不执行的，由直接主管该经办机构的劳动保障行政部门责令其限期履行，并按照人事管理权限对直接负责的主管人员给予行政处分，或者建议经办机构对有关人员给予行政处分。</span> \n</p>\n<p style=\"text-indent:17.95pt;\">\n	<span style=\"font-family:宋体;\"></span>&nbsp;\n</p>\n<p style=\"text-indent:17.95pt;\">\n	<span></span>\n</p>\n<p style=\"text-indent:17.95pt;\">\n	<span style=\"font-family:宋体;\">第三十三条</span> <span style=\"font-family:宋体;\">经办机构或者劳动保障行政部门审查社会保险行政争议案件，不得向申请人收取任何费用。</span> \n</p>\n<p style=\"text-indent:17.95pt;\">\n	<span></span>\n</p>\n<p style=\"text-indent:17.95pt;\">\n	<span style=\"font-family:宋体;\">行政复议活动所需经费，由本单位的行政经费予以保障。</span> \n</p>\n<p style=\"text-indent:17.95pt;\">\n	<span style=\"font-family:宋体;\"></span>&nbsp;\n</p>\n<p style=\"text-indent:17.95pt;\">\n	<span></span>\n</p>\n<p style=\"text-indent:17.95pt;\">\n	<span style=\"font-family:宋体;\">第三十四条</span> <span style=\"font-family:宋体;\">本办法自发布之日起施行。</span> \n</p>\n<p>\n	&nbsp;\n</p>', '华中派遣网', 'http://www.rcpq.cn', '', '社会保险,养老保险', '14', 'post_cover/派瀢法02.jpg', '1410856019', '0', 'Y', '0', '1410855951', '1');
INSERT INTO `t_pq_post` VALUES ('62', '1', '', '佚名', '劳务派遣出新规：对派遣岗位做了明确的限定', '4', '2013年7月1日开始实施的新《劳动合同法》第66条中明确规定了用工单位只能在临时性、辅助性或者替代性的工作岗位上使用被派遣劳动者。“2008年之前，《劳动法》对派遣的所有岗位没有任何的限制，但现在规定只能在三性岗位上实施。”任仕达（中国）人力资源外包事业部总监侯睿丰说，只要三性中有一条满足要求，就可以在该岗位采用派遣的用工形式。而换句话说，如果你的岗位都不满足，那么用人单位就没有理由将你的岗位设定为派遣性质。\n\n', '', null, '劳务派遣 派遣 劳务派遣公司 劳动合同 派遣员工', '&nbsp;\n<p style=\"text-indent:17.85pt;\">\n	<span></span>\n</p>\n<p style=\"text-indent:17.85pt;\">\n	<span>2013</span><span style=\"font-family:宋体;\">年</span><span>7</span><span style=\"font-family:宋体;\">月</span><span>1</span><span style=\"font-family:宋体;\">日开始实施的新《<a href=\"http://paiqian.111job.cn/\" target=\"_blank\">劳动合同</a>法》第</span><span>66</span><span style=\"font-family:宋体;\">条中明确规定了用工单位只能在临时性、辅助性或者替代性的工作岗位上使用被<a href=\"http://paiqian.111job.cn/\" target=\"_blank\">派遣</a>劳动者。“</span><span>2008</span><span style=\"font-family:宋体;\">年之前，《劳动法》对派遣的所有岗位没有任何的限制，但现在规定只能在三性岗位上实施。”任仕达（中国）人力资源外包事业部总监侯睿丰说，只要三性中有一条满足要求，就可以在该岗位采用派遣的用工形式。而换句话说，如果你的岗位都不满足，那么用人单位就没有理由将你的岗位设定为派遣性质。</span> \n</p>\n<p style=\"text-indent:17.85pt;\">\n	<span style=\"font-family:宋体;\"></span>&nbsp;\n</p>\n<p style=\"text-indent:17.85pt;\">\n	<span></span>\n</p>\n<p style=\"text-indent:17.85pt;\">\n	<span style=\"font-family:宋体;\">“符合三性的岗位是有限的，这样做能把派遣从用工形式中边缘化，大部分岗位就无法采用派遣了。”据北京外企德科人力资源服务上海有限公司法务总监俞斌介绍，之所以这样强调派遣岗位的三性，是因为政府部门希望将<a href=\"http://paiqian.111job.cn\" target=\"_blank\"><a href=\"http://paiqian.111job.cn/\">劳务派遣</a></a></span>逐步规范成一种补充的用工形式，而不是主流的用工方式。\n</p>\n<p style=\"text-indent:17.85pt;\">\n	&nbsp;\n</p>\n<p style=\"text-indent:17.85pt;\">\n	<span></span>\n</p>\n<p style=\"text-indent:17.85pt;\">\n	<span style=\"font-family:宋体;\">根据法律定义，“临时性工作岗位”只能是持续工作时间不超过</span><span>6</span><span style=\"font-family:宋体;\">个月的岗位，“替代性工作岗位”是指用工单位的劳动者因脱产学习、休假等原因无法工作的一定期间内，可以由其他劳动者替代工作的岗位；而对于比较难以界定的辅助性岗位，《<a href=\"http://paiqian.111job.cn/\">劳务派遣</a>暂行规定》则进一步在民主程序上做限定，用工单位决定使用被<a href=\"http://paiqian.111job.cn/\" target=\"_blank\">派遣员工</a>的辅助性岗位，应当经职工代表大会或者全体职工讨论，提出方案和意见，与工会或者职工代表平等协商确定，并在用工单位内公示。企业作为资产投资者，不能规定岗位性质，而一定要通过员工—也就是被雇佣方—共同去制定。</span> \n</p>\n<p style=\"text-indent:17.85pt;\">\n	<span></span>\n</p>', '华中人才网', 'www.111job.cn', '', '劳务派遣,派遣,劳务派遣公司,劳动合同,派遣员工', '40', 'post_cover/派遣新闻04.gif', '1410920466', '0', 'Y', '0', '1410920413', '1');

-- ----------------------------
-- Table structure for t_pq_protocol
-- ----------------------------
DROP TABLE IF EXISTS `t_pq_protocol`;
CREATE TABLE `t_pq_protocol` (
  `id` mediumint(8) unsigned NOT NULL AUTO_INCREMENT COMMENT '自增id',
  `workid` mediumint(8) unsigned NOT NULL COMMENT '职位ID',
  `content` text NOT NULL COMMENT '协议内容',
  PRIMARY KEY (`id`)
) ENGINE=InnoDB AUTO_INCREMENT=7 DEFAULT CHARSET=utf8;

-- ----------------------------
-- Records of t_pq_protocol
-- ----------------------------
INSERT INTO `t_pq_protocol` VALUES ('1', '144193', '的水电费水电费水电费');
INSERT INTO `t_pq_protocol` VALUES ('2', '144194', '水电费规定发给对方');
INSERT INTO `t_pq_protocol` VALUES ('3', '144196', '范德萨发生的发热恶搞');
INSERT INTO `t_pq_protocol` VALUES ('4', '144192', '本网站（华中人才网）及其提供的服务专供个人会员寻找工作、查询培训课程；企业会员寻找雇员、查询培训课程、培训机构；培训机构招生、查询培训需求使用，本网站的任何会员均受本协议约束。本网站有权随时修改这些条款。我们建议您定期查看这些条款。如果您通知本网站不接受任何改变，那么您对本网 站的使用将结束，否则，您的继续使用就构成您对所有改变的接受，并受这些改变的约束。\r\n    一、网站使用条款\r\n    1.个人会员必须同意使用本网站仅用于合法的目的，已注册的个人会员可以把个人资料通过本网站或直接发送给在本网站注册的企业会员。在此种情况下， 求职者个人资料仍然储存在本网站数据库中，直至其本人将其个人资料从其中删除为止。\r\n    2.个人会员必须独自全部承担由于向本网站注册企业或其他会员发送个人资料所形成的一切风险。本网站对于任何企业与个人之间所发生的一切纠纷，概 不负责。\r\n    3.本网站保留对会员资料进行修改的权力。\r\n    4.企业会员可通过网上在线注册并传真营业执照复印件到本网站客服部申请成为本网站企业会员。\r\n    5.企业会员有权进入本网站资料库进行查询，但禁止利用此项权利进行查询人才以外的其他用途。\r\n    6.企业会员须独自对登记在本网站上及其他链接页面上的内容的正确性负责。本网站有权修改企业会员的招聘广告以符合本网站的规定，有权删除一切非 法的、辱骂性的及不健康的资料。\r\n    7. 本网站有权在适当的时候调整服务收费或收取其他相关费用。对拒绝接受新的收费标准的企业，本网站有权暂停或中止该企业的会员资格。\r\n    二、明确禁止条款 会员使用本网站只能用于合法目的，即个人会员寻找工作、查询培训课程；企业会员寻找雇员、查询培训课程、培训机构；培训机构招生、查询培训需求使 用。本网站明确禁止任何其他非法用途。\r\n    1. 禁止在个人简历中公布不完整、虚假或不准确的资料，禁止在简历中公布不属于简历内容的资料。一经发现');
INSERT INTO `t_pq_protocol` VALUES ('5', '144203', '');
INSERT INTO `t_pq_protocol` VALUES ('6', '144205', '');

-- ----------------------------
-- Table structure for t_pq_reply
-- ----------------------------
DROP TABLE IF EXISTS `t_pq_reply`;
CREATE TABLE `t_pq_reply` (
  `id` mediumint(8) unsigned NOT NULL AUTO_INCREMENT,
  `workid` mediumint(8) unsigned DEFAULT '0' COMMENT '职位ID',
  `personid` mediumint(8) unsigned DEFAULT '0' COMMENT '个人账号ID',
  `companyid` mediumint(8) unsigned DEFAULT '0' COMMENT '公司ID',
  `isp` tinyint(1) DEFAULT '0' COMMENT '是否为报名应聘',
  `workname` varchar(255) DEFAULT '' COMMENT '职位名称',
  `replytime` int(11) unsigned DEFAULT '0' COMMENT '应聘时间',
  `companyname` varchar(255) DEFAULT '' COMMENT '公司名称',
  `name` varchar(255) DEFAULT '' COMMENT '应聘者姓名',
  `sex` tinyint(1) DEFAULT '0' COMMENT '性别',
  `school` varchar(255) DEFAULT '' COMMENT '毕业学校',
  `age` varchar(20) DEFAULT '',
  `edu` varchar(255) DEFAULT '',
  `major` varchar(255) DEFAULT '',
  `mobile` varchar(255) DEFAULT '',
  `icard` varchar(255) DEFAULT '',
  `marry` char(1) DEFAULT '',
  `areanow` mediumint(8) DEFAULT '0',
  PRIMARY KEY (`id`)
) ENGINE=InnoDB AUTO_INCREMENT=14 DEFAULT CHARSET=utf8;

-- ----------------------------
-- Records of t_pq_reply
-- ----------------------------
INSERT INTO `t_pq_reply` VALUES ('2', '144191', '34376', '1', '0', '职位1', '1407481847', '测试公司1', '黄刚', '1', '武汉市仪表电子学校', '', '', '', '', '', '', '0');
INSERT INTO `t_pq_reply` VALUES ('7', '144209', '203395', '18', '0', '分拣分发员', '1410914998', '顺丰物流公司', '段俊红', '0', '湖北工业大学', '', null, null, '18971375186', '', '3', '2500111');
INSERT INTO `t_pq_reply` VALUES ('10', '144208', '203395', '16', '0', '微贷客户经理', '1411176794', '武汉农村商业银行', '段俊红', '0', '湖北工业大学', '', null, null, '18971375186', '', '3', '2500111');
INSERT INTO `t_pq_reply` VALUES ('11', '144205', '203395', '13', '1', '活动主管', '1411199571', '新浪乐居网', '段俊红', '0', '湖北工业大学', '', null, null, '18971375186', '', '3', '2500111');

-- ----------------------------
-- Table structure for t_pq_setting
-- ----------------------------
DROP TABLE IF EXISTS `t_pq_setting`;
CREATE TABLE `t_pq_setting` (
  `keys` varchar(255) NOT NULL DEFAULT '',
  `values` text
) ENGINE=InnoDB DEFAULT CHARSET=utf8;

-- ----------------------------
-- Records of t_pq_setting
-- ----------------------------
INSERT INTO `t_pq_setting` VALUES ('title', '人才派遣,武汉人才派遣,湖北人才派遣,劳务派遣--华中人才派遣网');
INSERT INTO `t_pq_setting` VALUES ('keyword', '人才派遣,武汉人才派遣,湖北人才派遣,劳务派遣,');
INSERT INTO `t_pq_setting` VALUES ('description', '华中人才派遣网是经武汉市劳动和社会保障局审核,批发了<劳务派遣企业资质证书>,人才派遣实行用管分离,人才派遣实行合同化管理,人才派遣实行协议工资与绩效挂钩,人才派遣实行专门机构管人,从而提高企业竞争能力减轻用人单位负担.');

-- ----------------------------
-- Table structure for t_pq_special
-- ----------------------------
DROP TABLE IF EXISTS `t_pq_special`;
CREATE TABLE `t_pq_special` (
  `specid` mediumint(8) NOT NULL AUTO_INCREMENT COMMENT '栏目ID',
  `specname` varchar(255) CHARACTER SET utf8 NOT NULL COMMENT '目栏名称',
  `displayorder` smallint(6) NOT NULL COMMENT '显示顺序',
  `seotitle` text CHARACTER SET utf8 NOT NULL COMMENT 'SEO标题',
  `keywords` text CHARACTER SET utf8 NOT NULL COMMENT '栏目关键词',
  `description` text CHARACTER SET utf8 NOT NULL COMMENT '栏目简介',
  `tpllist` varchar(255) CHARACTER SET utf8 NOT NULL COMMENT '列表模版',
  `postids` varchar(255) CHARACTER SET utf8 NOT NULL COMMENT '文章推送id',
  `createtime` int(10) NOT NULL COMMENT '最后发布时间',
  `content` varchar(255) NOT NULL,
  PRIMARY KEY (`specid`)
) ENGINE=MyISAM AUTO_INCREMENT=118 DEFAULT CHARSET=latin1;

-- ----------------------------
-- Records of t_pq_special
-- ----------------------------
INSERT INTO `t_pq_special` VALUES ('115', '专题一', '1', '', '', '', '', '18,17', '0', '');
INSERT INTO `t_pq_special` VALUES ('116', '专题二', '2', '', '', '', '', '15,14', '0', '');

-- ----------------------------
-- Table structure for t_user_autologin
-- ----------------------------
DROP TABLE IF EXISTS `t_user_autologin`;
CREATE TABLE `t_user_autologin` (
  `key_id` char(32) COLLATE utf8_bin NOT NULL,
  `user_id` int(11) NOT NULL DEFAULT '0',
  `user_agent` varchar(150) COLLATE utf8_bin NOT NULL,
  `last_ip` varchar(40) COLLATE utf8_bin NOT NULL,
  `last_login` timestamp NOT NULL DEFAULT CURRENT_TIMESTAMP ON UPDATE CURRENT_TIMESTAMP,
  PRIMARY KEY (`key_id`,`user_id`)
) ENGINE=InnoDB DEFAULT CHARSET=utf8 COLLATE=utf8_bin;

-- ----------------------------
-- Records of t_user_autologin
-- ----------------------------

-- ----------------------------
-- Table structure for t_user_profiles
-- ----------------------------
DROP TABLE IF EXISTS `t_user_profiles`;
CREATE TABLE `t_user_profiles` (
  `id` int(11) NOT NULL AUTO_INCREMENT,
  `user_id` int(11) NOT NULL,
  `country` varchar(20) COLLATE utf8_bin DEFAULT NULL,
  `website` varchar(255) COLLATE utf8_bin DEFAULT NULL,
  PRIMARY KEY (`id`)
) ENGINE=InnoDB DEFAULT CHARSET=utf8 COLLATE=utf8_bin;

-- ----------------------------
-- Records of t_user_profiles
-- ----------------------------

-- ----------------------------
-- Table structure for t_users
-- ----------------------------
DROP TABLE IF EXISTS `t_users`;
CREATE TABLE `t_users` (
  `id` int(11) NOT NULL AUTO_INCREMENT,
  `username` varchar(50) COLLATE utf8_bin NOT NULL,
  `password` varchar(255) COLLATE utf8_bin NOT NULL,
  `email` varchar(100) COLLATE utf8_bin NOT NULL,
  `activated` tinyint(1) NOT NULL DEFAULT '1',
  `banned` tinyint(1) NOT NULL DEFAULT '0',
  `ban_reason` varchar(255) COLLATE utf8_bin DEFAULT NULL,
  `new_password_key` varchar(50) COLLATE utf8_bin DEFAULT NULL,
  `new_password_requested` datetime DEFAULT NULL,
  `new_email` varchar(100) COLLATE utf8_bin DEFAULT NULL,
  `new_email_key` varchar(50) COLLATE utf8_bin DEFAULT NULL,
  `last_ip` varchar(40) COLLATE utf8_bin NOT NULL,
  `last_login` datetime NOT NULL DEFAULT '0000-00-00 00:00:00',
  `created` datetime NOT NULL DEFAULT '0000-00-00 00:00:00',
  `modified` timestamp NOT NULL DEFAULT CURRENT_TIMESTAMP ON UPDATE CURRENT_TIMESTAMP,
  PRIMARY KEY (`id`)
) ENGINE=InnoDB AUTO_INCREMENT=7 DEFAULT CHARSET=utf8 COLLATE=utf8_bin;

-- ----------------------------
-- Records of t_users
-- ----------------------------
INSERT INTO `t_users` VALUES ('1', 'admin', '$2a$08$ZIQQfqsmWuRyiP72qR366./ptVaDJ2xiUhkACtaTHBuSTrrDbliFK', 'web@111job.cn', '1', '0', null, null, null, null, '2aca75c52bc80395fe6090039fce4562', '27.17.0.134', '2014-09-27 15:30:27', '2014-09-17 07:50:07', '2014-09-27 15:30:27');
INSERT INTO `t_users` VALUES ('4', 'paiqian', '21218cca77804d2ba1922c33e0151105', '', '1', '0', null, null, null, null, null, '', '2014-09-22 14:14:45', '2014-09-22 14:14:45', '2014-09-22 16:49:52');
INSERT INTO `t_users` VALUES ('6', 'test', '$2a$08$NbN0/yRkzv.EAapLt7GwM.Fa.lkP79GN1LRh5pHrV6vuF8J.mHt0i', '', '1', '0', null, null, null, null, null, '27.17.0.134', '2014-09-24 08:33:05', '2014-09-24 08:32:52', '2014-09-24 08:33:05');
